"filename", "language", "Markdown", "Makefile", "Go Module File", "YAML", "Python", "Go", "Shell Script", "Docker", "pip requirements", "Go Checksum File", "C++", "JavaScript JSX", "CSS", "HTML", "XML", "JSON", "CMake", "JavaScript", "C", "Batch", "TypeScript", "JSON with Comments", "comment", "blank", "total"
"/home/sachin-kumar/Desktop/coding/1/.github/workflows/ci.yml", "YAML", 0, 0, 0, 40, 0, 0, 0, 0, 0, 0, 0, 0, 0, 0, 0, 0, 0, 0, 0, 0, 0, 0, 0, 10, 50
"/home/sachin-kumar/Desktop/coding/1/.github/workflows/deploy.yml", "YAML", 0, 0, 0, 56, 0, 0, 0, 0, 0, 0, 0, 0, 0, 0, 0, 0, 0, 0, 0, 0, 0, 0, 0, 12, 68
"/home/sachin-kumar/Desktop/coding/1/Makefile", "Makefile", 0, 165, 0, 0, 0, 0, 0, 0, 0, 0, 0, 0, 0, 0, 0, 0, 0, 0, 0, 0, 0, 0, 0, 27, 192
"/home/sachin-kumar/Desktop/coding/1/README.md", "Markdown", 24, 0, 0, 0, 0, 0, 0, 0, 0, 0, 0, 0, 0, 0, 0, 0, 0, 0, 0, 0, 0, 0, 0, 14, 38
"/home/sachin-kumar/Desktop/coding/1/SOVEREIGN_MASTER_GUIDE.md", "Markdown", 54, 0, 0, 0, 0, 0, 0, 0, 0, 0, 0, 0, 0, 0, 0, 0, 0, 0, 0, 0, 0, 0, 0, 20, 74
"/home/sachin-kumar/Desktop/coding/1/cmd/sctl/main.go", "Go", 0, 0, 0, 0, 0, 71, 0, 0, 0, 0, 0, 0, 0, 0, 0, 0, 0, 0, 0, 0, 0, 0, 0, 14, 85
"/home/sachin-kumar/Desktop/coding/1/cmd/sovereign/main.go", "Go", 0, 0, 0, 0, 0, 174, 0, 0, 0, 0, 0, 0, 0, 0, 0, 0, 0, 0, 0, 0, 0, 0, 22, 38, 234
"/home/sachin-kumar/Desktop/coding/1/cpp/bench/bench_inference.cpp", "C++", 0, 0, 0, 0, 0, 0, 0, 0, 0, 0, 41, 0, 0, 0, 0, 0, 0, 0, 0, 0, 0, 0, 0, 6, 47
"/home/sachin-kumar/Desktop/coding/1/cpp/build/Release/_deps/googlebenchmark-src/cmake/AddCXXCompilerFlag.cmake", "CMake", 0, 0, 0, 0, 0, 0, 0, 0, 0, 0, 0, 0, 0, 0, 0, 0, 72, 0, 0, 0, 0, 0, 0, 7, 79
"/home/sachin-kumar/Desktop/coding/1/cpp/build/Release/_deps/googlebenchmark-src/cmake/CXXFeatureCheck.cmake", "CMake", 0, 0, 0, 0, 0, 0, 0, 0, 0, 0, 0, 0, 0, 0, 0, 0, 79, 0, 0, 0, 0, 0, 0, 7, 86
"/home/sachin-kumar/Desktop/coding/1/cpp/build/Release/_deps/googlebenchmark-src/cmake/GetGitVersion.cmake", "CMake", 0, 0, 0, 0, 0, 0, 0, 0, 0, 0, 0, 0, 0, 0, 0, 0, 33, 0, 0, 0, 0, 0, 0, 4, 37
"/home/sachin-kumar/Desktop/coding/1/cpp/build/Release/_deps/googlebenchmark-src/cmake/GoogleTest.cmake", "CMake", 0, 0, 0, 0, 0, 0, 0, 0, 0, 0, 0, 0, 0, 0, 0, 0, 48, 0, 0, 0, 0, 0, 0, 11, 59
"/home/sachin-kumar/Desktop/coding/1/cpp/build/Release/_deps/googlebenchmark-src/cmake/llvm-toolchain.cmake", "CMake", 0, 0, 0, 0, 0, 0, 0, 0, 0, 0, 0, 0, 0, 0, 0, 0, 6, 0, 0, 0, 0, 0, 0, 3, 9
"/home/sachin-kumar/Desktop/coding/1/cpp/build/Release/_deps/googlebenchmark-src/cmake/split_list.cmake", "CMake", 0, 0, 0, 0, 0, 0, 0, 0, 0, 0, 0, 0, 0, 0, 0, 0, 3, 0, 0, 0, 0, 0, 0, 1, 4
"/home/sachin-kumar/Desktop/coding/1/cpp/build/Release/_deps/googlebenchmark-src/test/AssemblyTests.cmake", "CMake", 0, 0, 0, 0, 0, 0, 0, 0, 0, 0, 0, 0, 0, 0, 0, 0, 59, 0, 0, 0, 0, 0, 0, 9, 68
"/home/sachin-kumar/Desktop/coding/1/cpp/build/Release/_deps/llama-src/.github/workflows/ai-issues.yml", "YAML", 0, 0, 0, 67, 0, 0, 0, 0, 0, 0, 0, 0, 0, 0, 0, 0, 0, 0, 0, 0, 0, 0, 0, 23, 90
"/home/sachin-kumar/Desktop/coding/1/cpp/build/Release/_deps/llama-src/.github/workflows/build-3rd-party.yml", "YAML", 0, 0, 0, 48, 0, 0, 0, 0, 0, 0, 0, 0, 0, 0, 0, 0, 0, 0, 0, 0, 0, 0, 0, 10, 58
"/home/sachin-kumar/Desktop/coding/1/cpp/build/Release/_deps/llama-src/.github/workflows/build-and-test-snapdragon.yml", "YAML", 0, 0, 0, 100, 0, 0, 0, 0, 0, 0, 0, 0, 0, 0, 0, 0, 0, 0, 0, 0, 0, 0, 0, 17, 117
"/home/sachin-kumar/Desktop/coding/1/cpp/build/Release/_deps/llama-src/.github/workflows/build-android.yml", "YAML", 0, 0, 0, 75, 0, 0, 0, 0, 0, 0, 0, 0, 0, 0, 0, 0, 0, 0, 0, 0, 0, 0, 0, 14, 89
"/home/sachin-kumar/Desktop/coding/1/cpp/build/Release/_deps/llama-src/.github/workflows/build-apple.yml", "YAML", 0, 0, 0, 186, 0, 0, 0, 0, 0, 0, 0, 0, 0, 0, 0, 0, 0, 0, 0, 0, 0, 0, 0, 29, 215
"/home/sachin-kumar/Desktop/coding/1/cpp/build/Release/_deps/llama-src/.github/workflows/build-cache.yml", "YAML", 0, 0, 0, 72, 0, 0, 0, 0, 0, 0, 0, 0, 0, 0, 0, 0, 0, 0, 0, 0, 0, 0, 23, 23, 118
"/home/sachin-kumar/Desktop/coding/1/cpp/build/Release/_deps/llama-src/.github/workflows/build-cann.yml", "YAML", 0, 0, 0, 90, 0, 0, 0, 0, 0, 0, 0, 0, 0, 0, 0, 0, 0, 0, 0, 0, 0, 0, 1, 12, 103
"/home/sachin-kumar/Desktop/coding/1/cpp/build/Release/_deps/llama-src/.github/workflows/build-cmake-pkg.yml", "YAML", 0, 0, 0, 44, 0, 0, 0, 0, 0, 0, 0, 0, 0, 0, 0, 0, 0, 0, 0, 0, 0, 0, 0, 8, 52
"/home/sachin-kumar/Desktop/coding/1/cpp/build/Release/_deps/llama-src/.github/workflows/build-cross.yml", "YAML", 0, 0, 0, 141, 0, 0, 0, 0, 0, 0, 0, 0, 0, 0, 0, 0, 0, 0, 0, 0, 0, 0, 129, 47, 317
"/home/sachin-kumar/Desktop/coding/1/cpp/build/Release/_deps/llama-src/.github/workflows/build-msys.yml", "YAML", 0, 0, 0, 51, 0, 0, 0, 0, 0, 0, 0, 0, 0, 0, 0, 0, 0, 0, 0, 0, 0, 0, 10, 12, 73
"/home/sachin-kumar/Desktop/coding/1/cpp/build/Release/_deps/llama-src/.github/workflows/build-openvino.yml", "YAML", 0, 0, 0, 101, 0, 0, 0, 0, 0, 0, 0, 0, 0, 0, 0, 0, 0, 0, 0, 0, 0, 0, 2, 18, 121
"/home/sachin-kumar/Desktop/coding/1/cpp/build/Release/_deps/llama-src/.github/workflows/build-riscv.yml", "YAML", 0, 0, 0, 96, 0, 0, 0, 0, 0, 0, 0, 0, 0, 0, 0, 0, 0, 0, 0, 0, 0, 0, 1, 18, 115
"/home/sachin-kumar/Desktop/coding/1/cpp/build/Release/_deps/llama-src/.github/workflows/build-sanitize.yml", "YAML", 0, 0, 0, 73, 0, 0, 0, 0, 0, 0, 0, 0, 0, 0, 0, 0, 0, 0, 0, 0, 0, 0, 0, 15, 88
"/home/sachin-kumar/Desktop/coding/1/cpp/build/Release/_deps/llama-src/.github/workflows/build-self-hosted.yml", "YAML", 0, 0, 0, 186, 0, 0, 0, 0, 0, 0, 0, 0, 0, 0, 0, 0, 0, 0, 0, 0, 0, 0, 64, 50, 300
"/home/sachin-kumar/Desktop/coding/1/cpp/build/Release/_deps/llama-src/.github/workflows/build-sycl.yml", "YAML", 0, 0, 0, 118, 0, 0, 0, 0, 0, 0, 0, 0, 0, 0, 0, 0, 0, 0, 0, 0, 0, 0, 1, 24, 143
"/home/sachin-kumar/Desktop/coding/1/cpp/build/Release/_deps/llama-src/.github/workflows/build-vulkan.yml", "YAML", 0, 0, 0, 82, 0, 0, 0, 0, 0, 0, 0, 0, 0, 0, 0, 0, 0, 0, 0, 0, 0, 0, 2, 14, 98
"/home/sachin-kumar/Desktop/coding/1/cpp/build/Release/_deps/llama-src/.github/workflows/build.yml", "YAML", 0, 0, 0, 921, 0, 0, 0, 0, 0, 0, 0, 0, 0, 0, 0, 0, 0, 0, 0, 0, 0, 0, 25, 164, 1110
"/home/sachin-kumar/Desktop/coding/1/cpp/build/Release/_deps/llama-src/.github/workflows/check-vendor.yml", "YAML", 0, 0, 0, 44, 0, 0, 0, 0, 0, 0, 0, 0, 0, 0, 0, 0, 0, 0, 0, 0, 0, 0, 1, 8, 53
"/home/sachin-kumar/Desktop/coding/1/cpp/build/Release/_deps/llama-src/.github/workflows/close-issue.yml", "YAML", 0, 0, 0, 24, 0, 0, 0, 0, 0, 0, 0, 0, 0, 0, 0, 0, 0, 0, 0, 0, 0, 0, 2, 3, 29
"/home/sachin-kumar/Desktop/coding/1/cpp/build/Release/_deps/llama-src/.github/workflows/copilot-setup-steps.yml", "YAML", 0, 0, 0, 39, 0, 0, 0, 0, 0, 0, 0, 0, 0, 0, 0, 0, 0, 0, 0, 0, 0, 0, 9, 9, 57
"/home/sachin-kumar/Desktop/coding/1/cpp/build/Release/_deps/llama-src/.github/workflows/docker.yml", "YAML", 0, 0, 0, 341, 0, 0, 0, 0, 0, 0, 0, 0, 0, 0, 0, 0, 0, 0, 0, 0, 0, 0, 39, 63, 443
"/home/sachin-kumar/Desktop/coding/1/cpp/build/Release/_deps/llama-src/.github/workflows/editorconfig.yml", "YAML", 0, 0, 0, 26, 0, 0, 0, 0, 0, 0, 0, 0, 0, 0, 0, 0, 0, 0, 0, 0, 0, 0, 0, 4, 30
"/home/sachin-kumar/Desktop/coding/1/cpp/build/Release/_deps/llama-src/.github/workflows/gguf-publish.yml", "YAML", 0, 0, 0, 27, 0, 0, 0, 0, 0, 0, 0, 0, 0, 0, 0, 0, 0, 0, 0, 0, 0, 0, 8, 10, 45
"/home/sachin-kumar/Desktop/coding/1/cpp/build/Release/_deps/llama-src/.github/workflows/hip-quality-check.yml", "YAML", 0, 0, 0, 73, 0, 0, 0, 0, 0, 0, 0, 0, 0, 0, 0, 0, 0, 0, 0, 0, 0, 0, 0, 10, 83
"/home/sachin-kumar/Desktop/coding/1/cpp/build/Release/_deps/llama-src/.github/workflows/labeler.yml", "YAML", 0, 0, 0, 16, 0, 0, 0, 0, 0, 0, 0, 0, 0, 0, 0, 0, 0, 0, 0, 0, 0, 0, 0, 2, 18
"/home/sachin-kumar/Desktop/coding/1/cpp/build/Release/_deps/llama-src/.github/workflows/pre-tokenizer-hashes.yml", "YAML", 0, 0, 0, 38, 0, 0, 0, 0, 0, 0, 0, 0, 0, 0, 0, 0, 0, 0, 0, 0, 0, 0, 0, 8, 46
"/home/sachin-kumar/Desktop/coding/1/cpp/build/Release/_deps/llama-src/.github/workflows/python-check-requirements.yml", "YAML", 0, 0, 0, 30, 0, 0, 0, 0, 0, 0, 0, 0, 0, 0, 0, 0, 0, 0, 0, 0, 0, 0, 0, 4, 34
"/home/sachin-kumar/Desktop/coding/1/cpp/build/Release/_deps/llama-src/.github/workflows/python-lint.yml", "YAML", 0, 0, 0, 33, 0, 0, 0, 0, 0, 0, 0, 0, 0, 0, 0, 0, 0, 0, 0, 0, 0, 0, 0, 4, 37
"/home/sachin-kumar/Desktop/coding/1/cpp/build/Release/_deps/llama-src/.github/workflows/python-type-check.yml", "YAML", 0, 0, 0, 32, 0, 0, 0, 0, 0, 0, 0, 0, 0, 0, 0, 0, 0, 0, 0, 0, 0, 0, 8, 4, 44
"/home/sachin-kumar/Desktop/coding/1/cpp/build/Release/_deps/llama-src/.github/workflows/release.yml", "YAML", 0, 0, 0, 1071, 0, 0, 0, 0, 0, 0, 0, 0, 0, 0, 0, 0, 0, 0, 0, 0, 0, 0, 11, 183, 1265
"/home/sachin-kumar/Desktop/coding/1/cpp/build/Release/_deps/llama-src/.github/workflows/server-sanitize.yml", "YAML", 0, 0, 0, 94, 0, 0, 0, 0, 0, 0, 0, 0, 0, 0, 0, 0, 0, 0, 0, 0, 0, 0, 0, 12, 106
"/home/sachin-kumar/Desktop/coding/1/cpp/build/Release/_deps/llama-src/.github/workflows/server-self-hosted.yml", "YAML", 0, 0, 0, 77, 0, 0, 0, 0, 0, 0, 0, 0, 0, 0, 0, 0, 0, 0, 0, 0, 0, 0, 39, 10, 126
"/home/sachin-kumar/Desktop/coding/1/cpp/build/Release/_deps/llama-src/.github/workflows/server-webui.yml", "YAML", 0, 0, 0, 93, 0, 0, 0, 0, 0, 0, 0, 0, 0, 0, 0, 0, 0, 0, 0, 0, 0, 0, 0, 16, 109
"/home/sachin-kumar/Desktop/coding/1/cpp/build/Release/_deps/llama-src/.github/workflows/server.yml", "YAML", 0, 0, 0, 148, 0, 0, 0, 0, 0, 0, 0, 0, 0, 0, 0, 0, 0, 0, 0, 0, 0, 0, 0, 18, 166
"/home/sachin-kumar/Desktop/coding/1/cpp/build/Release/_deps/llama-src/.github/workflows/update-ops-docs.yml", "YAML", 0, 0, 0, 36, 0, 0, 0, 0, 0, 0, 0, 0, 0, 0, 0, 0, 0, 0, 0, 0, 0, 0, 0, 7, 43
"/home/sachin-kumar/Desktop/coding/1/cpp/build/Release/_deps/llama-src/.github/workflows/winget.yml", "YAML", 0, 0, 0, 38, 0, 0, 0, 0, 0, 0, 0, 0, 0, 0, 0, 0, 0, 0, 0, 0, 0, 0, 0, 7, 45
"/home/sachin-kumar/Desktop/coding/1/cpp/build/Release/_deps/llama-src/examples/sycl/build.sh", "Shell Script", 0, 0, 0, 0, 0, 0, 5, 0, 0, 0, 0, 0, 0, 0, 0, 0, 0, 0, 0, 0, 0, 0, 12, 7, 24
"/home/sachin-kumar/Desktop/coding/1/cpp/build/Release/_deps/llama-src/examples/sycl/run-llama2.sh", "Shell Script", 0, 0, 0, 0, 0, 0, 15, 0, 0, 0, 0, 0, 0, 0, 0, 0, 0, 0, 0, 0, 0, 0, 9, 8, 32
"/home/sachin-kumar/Desktop/coding/1/cpp/build/Release/_deps/llama-src/examples/sycl/start-svr.sh", "Shell Script", 0, 0, 0, 0, 0, 0, 90, 0, 0, 0, 0, 0, 0, 0, 0, 0, 0, 0, 0, 0, 0, 0, 16, 19, 125
"/home/sachin-kumar/Desktop/coding/1/cpp/build/Release/_deps/llama-src/examples/sycl/test.sh", "Shell Script", 0, 0, 0, 0, 0, 0, 96, 0, 0, 0, 0, 0, 0, 0, 0, 0, 0, 0, 0, 0, 0, 0, 18, 18, 132
"/home/sachin-kumar/Desktop/coding/1/cpp/build/Release/_deps/llama-src/examples/sycl/win-build-sycl.bat", "Batch", 0, 0, 0, 0, 0, 0, 0, 0, 0, 0, 0, 0, 0, 0, 0, 0, 0, 0, 0, 14, 0, 0, 8, 10, 32
"/home/sachin-kumar/Desktop/coding/1/cpp/build/Release/_deps/llama-src/examples/sycl/win-run-llama2.bat", "Batch", 0, 0, 0, 0, 0, 0, 0, 0, 0, 0, 0, 0, 0, 0, 0, 0, 0, 0, 0, 5, 0, 0, 4, 3, 12
"/home/sachin-kumar/Desktop/coding/1/cpp/build/Release/_deps/llama-src/examples/sycl/win-start-svr.bat", "Batch", 0, 0, 0, 0, 0, 0, 0, 0, 0, 0, 0, 0, 0, 0, 0, 0, 0, 0, 0, 151, 0, 0, 6, 23, 180
"/home/sachin-kumar/Desktop/coding/1/cpp/build/Release/_deps/llama-src/examples/sycl/win-test.bat", "Batch", 0, 0, 0, 0, 0, 0, 0, 0, 0, 0, 0, 0, 0, 0, 0, 0, 0, 0, 0, 167, 0, 0, 9, 26, 202
"/home/sachin-kumar/Desktop/coding/1/cpp/build/Release/_deps/llama-src/models/templates/README.md", "Markdown", 25, 0, 0, 0, 0, 0, 0, 0, 0, 0, 0, 0, 0, 0, 0, 0, 0, 0, 0, 0, 0, 0, 0, 2, 27
"/home/sachin-kumar/Desktop/coding/1/cpp/build/Release/_deps/llama-src/scripts/install-oneapi.bat", "Batch", 0, 0, 0, 0, 0, 0, 0, 0, 0, 0, 0, 0, 0, 0, 0, 0, 0, 0, 0, 13, 0, 0, 3, 4, 20
"/home/sachin-kumar/Desktop/coding/1/cpp/build/Release/_deps/llama-src/tests/export-graph-ops.cpp", "C++", 0, 0, 0, 0, 0, 0, 0, 0, 0, 0, 187, 0, 0, 0, 0, 0, 0, 0, 0, 0, 0, 0, 2, 38, 227
"/home/sachin-kumar/Desktop/coding/1/cpp/build/Release/_deps/llama-src/tests/get-model.cpp", "C++", 0, 0, 0, 0, 0, 0, 0, 0, 0, 0, 17, 0, 0, 0, 0, 0, 0, 0, 0, 0, 0, 0, 0, 5, 22
"/home/sachin-kumar/Desktop/coding/1/cpp/build/Release/_deps/llama-src/tests/get-model.h", "C++", 0, 0, 0, 0, 0, 0, 0, 0, 0, 0, 2, 0, 0, 0, 0, 0, 0, 0, 0, 0, 0, 0, 0, 1, 3
"/home/sachin-kumar/Desktop/coding/1/cpp/build/Release/_deps/llama-src/tests/gguf-model-data.cpp", "C++", 0, 0, 0, 0, 0, 0, 0, 0, 0, 0, 611, 0, 0, 0, 0, 0, 0, 0, 0, 0, 0, 0, 29, 101, 741
"/home/sachin-kumar/Desktop/coding/1/cpp/build/Release/_deps/llama-src/tests/gguf-model-data.h", "C++", 0, 0, 0, 0, 0, 0, 0, 0, 0, 0, 38, 0, 0, 0, 0, 0, 0, 0, 0, 0, 0, 0, 5, 8, 51
"/home/sachin-kumar/Desktop/coding/1/cpp/build/Release/_deps/llama-src/tests/peg-parser/simple-tokenize.cpp", "C++", 0, 0, 0, 0, 0, 0, 0, 0, 0, 0, 33, 0, 0, 0, 0, 0, 0, 0, 0, 0, 0, 0, 0, 5, 38
"/home/sachin-kumar/Desktop/coding/1/cpp/build/Release/_deps/llama-src/tests/peg-parser/simple-tokenize.h", "C++", 0, 0, 0, 0, 0, 0, 0, 0, 0, 0, 4, 0, 0, 0, 0, 0, 0, 0, 0, 0, 0, 0, 0, 3, 7
"/home/sachin-kumar/Desktop/coding/1/cpp/build/Release/_deps/llama-src/tests/peg-parser/test-basic.cpp", "C++", 0, 0, 0, 0, 0, 0, 0, 0, 0, 0, 324, 0, 0, 0, 0, 0, 0, 0, 0, 0, 0, 0, 41, 107, 472
"/home/sachin-kumar/Desktop/coding/1/cpp/build/Release/_deps/llama-src/tests/peg-parser/test-gbnf-generation.cpp", "C++", 0, 0, 0, 0, 0, 0, 0, 0, 0, 0, 298, 0, 0, 0, 0, 0, 0, 0, 0, 0, 0, 0, 0, 73, 371
"/home/sachin-kumar/Desktop/coding/1/cpp/build/Release/_deps/llama-src/tests/peg-parser/test-json-parser.cpp", "C++", 0, 0, 0, 0, 0, 0, 0, 0, 0, 0, 72, 0, 0, 0, 0, 0, 0, 0, 0, 0, 0, 0, 6, 32, 110
"/home/sachin-kumar/Desktop/coding/1/cpp/build/Release/_deps/llama-src/tests/peg-parser/test-json-serialization.cpp", "C++", 0, 0, 0, 0, 0, 0, 0, 0, 0, 0, 20, 0, 0, 0, 0, 0, 0, 0, 0, 0, 0, 0, 1, 8, 29
"/home/sachin-kumar/Desktop/coding/1/cpp/build/Release/_deps/llama-src/tests/peg-parser/test-python-dict-parser.cpp", "C++", 0, 0, 0, 0, 0, 0, 0, 0, 0, 0, 225, 0, 0, 0, 0, 0, 0, 0, 0, 0, 0, 0, 16, 78, 319
"/home/sachin-kumar/Desktop/coding/1/cpp/build/Release/_deps/llama-src/tests/peg-parser/test-unicode.cpp", "C++", 0, 0, 0, 0, 0, 0, 0, 0, 0, 0, 304, 0, 0, 0, 0, 0, 0, 0, 0, 0, 0, 0, 46, 97, 447
"/home/sachin-kumar/Desktop/coding/1/cpp/build/Release/_deps/llama-src/tests/peg-parser/tests.h", "C++", 0, 0, 0, 0, 0, 0, 0, 0, 0, 0, 19, 0, 0, 0, 0, 0, 0, 0, 0, 0, 0, 0, 2, 5, 26
"/home/sachin-kumar/Desktop/coding/1/cpp/build/Release/_deps/llama-src/tests/test-alloc.cpp", "C++", 0, 0, 0, 0, 0, 0, 0, 0, 0, 0, 480, 0, 0, 0, 0, 0, 0, 0, 0, 0, 0, 0, 32, 97, 609
"/home/sachin-kumar/Desktop/coding/1/cpp/build/Release/_deps/llama-src/tests/test-arg-parser.cpp", "C++", 0, 0, 0, 0, 0, 0, 0, 0, 0, 0, 161, 0, 0, 0, 0, 0, 0, 0, 0, 0, 0, 0, 14, 38, 213
"/home/sachin-kumar/Desktop/coding/1/cpp/build/Release/_deps/llama-src/tests/test-autorelease.cpp", "C++", 0, 0, 0, 0, 0, 0, 0, 0, 0, 0, 17, 0, 0, 0, 0, 0, 0, 0, 0, 0, 0, 0, 2, 6, 25
"/home/sachin-kumar/Desktop/coding/1/cpp/build/Release/_deps/llama-src/tests/test-backend-ops.cpp", "C++", 0, 0, 0, 0, 0, 0, 0, 0, 0, 0, 7500, 0, 0, 0, 0, 0, 0, 0, 0, 0, 0, 0, 496, 1530, 9526
"/home/sachin-kumar/Desktop/coding/1/cpp/build/Release/_deps/llama-src/tests/test-backend-sampler.cpp", "C++", 0, 0, 0, 0, 0, 0, 0, 0, 0, 0, 872, 0, 0, 0, 0, 0, 0, 0, 0, 0, 0, 0, 50, 245, 1167
"/home/sachin-kumar/Desktop/coding/1/cpp/build/Release/_deps/llama-src/tests/test-barrier.cpp", "C++", 0, 0, 0, 0, 0, 0, 0, 0, 0, 0, 161, 0, 0, 0, 0, 0, 0, 0, 0, 0, 0, 0, 19, 57, 237
"/home/sachin-kumar/Desktop/coding/1/cpp/build/Release/_deps/llama-src/tests/test-c.c", "C", 0, 0, 0, 0, 0, 0, 0, 0, 0, 0, 0, 0, 0, 0, 0, 0, 0, 0, 2, 0, 0, 0, 0, 2, 4
"/home/sachin-kumar/Desktop/coding/1/cpp/build/Release/_deps/llama-src/tests/test-chat-auto-parser.cpp", "C++", 0, 0, 0, 0, 0, 0, 0, 0, 0, 0, 1473, 0, 0, 0, 0, 0, 0, 0, 0, 0, 0, 0, 173, 324, 1970
"/home/sachin-kumar/Desktop/coding/1/cpp/build/Release/_deps/llama-src/tests/test-chat-peg-parser.cpp", "C++", 0, 0, 0, 0, 0, 0, 0, 0, 0, 0, 831, 0, 0, 0, 0, 0, 0, 0, 0, 0, 0, 0, 26, 127, 984
"/home/sachin-kumar/Desktop/coding/1/cpp/build/Release/_deps/llama-src/tests/test-chat-template.cpp", "C++", 0, 0, 0, 0, 0, 0, 0, 0, 0, 0, 639, 0, 0, 0, 0, 0, 0, 0, 0, 0, 0, 0, 17, 57, 713
"/home/sachin-kumar/Desktop/coding/1/cpp/build/Release/_deps/llama-src/tests/test-chat.cpp", "C++", 0, 0, 0, 0, 0, 0, 0, 0, 0, 0, 3783, 0, 0, 0, 0, 0, 0, 0, 0, 0, 0, 0, 288, 449, 4520
"/home/sachin-kumar/Desktop/coding/1/cpp/build/Release/_deps/llama-src/tests/test-double-float.cpp", "C++", 0, 0, 0, 0, 0, 0, 0, 0, 0, 0, 37, 0, 0, 0, 0, 0, 0, 0, 0, 0, 0, 0, 11, 10, 58
"/home/sachin-kumar/Desktop/coding/1/cpp/build/Release/_deps/llama-src/tests/test-gbnf-validator.cpp", "C++", 0, 0, 0, 0, 0, 0, 0, 0, 0, 0, 88, 0, 0, 0, 0, 0, 0, 0, 0, 0, 0, 0, 4, 18, 110
"/home/sachin-kumar/Desktop/coding/1/cpp/build/Release/_deps/llama-src/tests/test-gguf-model-data.cpp", "C++", 0, 0, 0, 0, 0, 0, 0, 0, 0, 0, 119, 0, 0, 0, 0, 0, 0, 0, 0, 0, 0, 0, 12, 24, 155
"/home/sachin-kumar/Desktop/coding/1/cpp/build/Release/_deps/llama-src/tests/test-gguf.cpp", "C++", 0, 0, 0, 0, 0, 0, 0, 0, 0, 0, 1149, 0, 0, 0, 0, 0, 0, 0, 0, 0, 0, 0, 3, 214, 1366
"/home/sachin-kumar/Desktop/coding/1/cpp/build/Release/_deps/llama-src/tests/test-grammar-integration.cpp", "C++", 0, 0, 0, 0, 0, 0, 0, 0, 0, 0, 1205, 0, 0, 0, 0, 0, 0, 0, 0, 0, 0, 0, 193, 96, 1494
"/home/sachin-kumar/Desktop/coding/1/cpp/build/Release/_deps/llama-src/tests/test-grammar-llguidance.cpp", "C++", 0, 0, 0, 0, 0, 0, 0, 0, 0, 0, 932, 0, 0, 0, 0, 0, 0, 0, 0, 0, 0, 0, 180, 93, 1205
"/home/sachin-kumar/Desktop/coding/1/cpp/build/Release/_deps/llama-src/tests/test-grammar-parser.cpp", "C++", 0, 0, 0, 0, 0, 0, 0, 0, 0, 0, 448, 0, 0, 0, 0, 0, 0, 0, 0, 0, 0, 0, 52, 38, 538
"/home/sachin-kumar/Desktop/coding/1/cpp/build/Release/_deps/llama-src/tests/test-jinja.cpp", "C++", 0, 0, 0, 0, 0, 0, 0, 0, 0, 0, 2102, 0, 0, 0, 0, 0, 0, 0, 0, 0, 0, 0, 38, 375, 2515
"/home/sachin-kumar/Desktop/coding/1/cpp/build/Release/_deps/llama-src/tests/test-json-partial.cpp", "C++", 0, 0, 0, 0, 0, 0, 0, 0, 0, 0, 273, 0, 0, 0, 0, 0, 0, 0, 0, 0, 0, 0, 7, 8, 288
"/home/sachin-kumar/Desktop/coding/1/cpp/build/Release/_deps/llama-src/tests/test-json-schema-to-grammar.cpp", "C++", 0, 0, 0, 0, 0, 0, 0, 0, 0, 0, 1471, 0, 0, 0, 0, 0, 0, 0, 0, 0, 0, 0, 12, 107, 1590
"/home/sachin-kumar/Desktop/coding/1/cpp/build/Release/_deps/llama-src/tests/test-llama-archs.cpp", "C++", 0, 0, 0, 0, 0, 0, 0, 0, 0, 0, 599, 0, 0, 0, 0, 0, 0, 0, 0, 0, 0, 0, 10, 55, 664
"/home/sachin-kumar/Desktop/coding/1/cpp/build/Release/_deps/llama-src/tests/test-llama-grammar.cpp", "C++", 0, 0, 0, 0, 0, 0, 0, 0, 0, 0, 380, 0, 0, 0, 0, 0, 0, 0, 0, 0, 0, 0, 2, 25, 407
"/home/sachin-kumar/Desktop/coding/1/cpp/build/Release/_deps/llama-src/tests/test-log.cpp", "C++", 0, 0, 0, 0, 0, 0, 0, 0, 0, 0, 39, 0, 0, 0, 0, 0, 0, 0, 0, 0, 0, 0, 0, 5, 44
"/home/sachin-kumar/Desktop/coding/1/cpp/build/Release/_deps/llama-src/tests/test-lora-conversion-inference.sh", "Shell Script", 0, 0, 0, 0, 0, 0, 108, 0, 0, 0, 0, 0, 0, 0, 0, 0, 0, 0, 0, 0, 0, 0, 13, 24, 145
"/home/sachin-kumar/Desktop/coding/1/cpp/build/Release/_deps/llama-src/tests/test-model-load-cancel.cpp", "C++", 0, 0, 0, 0, 0, 0, 0, 0, 0, 0, 23, 0, 0, 0, 0, 0, 0, 0, 0, 0, 0, 0, 0, 5, 28
"/home/sachin-kumar/Desktop/coding/1/cpp/build/Release/_deps/llama-src/tests/test-mtmd-c-api.c", "C", 0, 0, 0, 0, 0, 0, 0, 0, 0, 0, 0, 0, 0, 0, 0, 0, 0, 0, 51, 0, 0, 0, 2, 13, 66
"/home/sachin-kumar/Desktop/coding/1/cpp/build/Release/_deps/llama-src/tests/test-opt.cpp", "C++", 0, 0, 0, 0, 0, 0, 0, 0, 0, 0, 838, 0, 0, 0, 0, 0, 0, 0, 0, 0, 0, 0, 8, 158, 1004
"/home/sachin-kumar/Desktop/coding/1/cpp/build/Release/_deps/llama-src/tests/test-peg-parser.cpp", "C++", 0, 0, 0, 0, 0, 0, 0, 0, 0, 0, 21, 0, 0, 0, 0, 0, 0, 0, 0, 0, 0, 0, 0, 6, 27
"/home/sachin-kumar/Desktop/coding/1/cpp/build/Release/_deps/llama-src/tests/test-quant-type-selection.cpp", "C++", 0, 0, 0, 0, 0, 0, 0, 0, 0, 0, 408, 0, 0, 0, 0, 0, 0, 0, 0, 0, 0, 0, 28, 85, 521
"/home/sachin-kumar/Desktop/coding/1/cpp/build/Release/_deps/llama-src/tests/test-quantize-fns.cpp", "C++", 0, 0, 0, 0, 0, 0, 0, 0, 0, 0, 150, 0, 0, 0, 0, 0, 0, 0, 0, 0, 0, 0, 8, 39, 197
"/home/sachin-kumar/Desktop/coding/1/cpp/build/Release/_deps/llama-src/tests/test-quantize-perf.cpp", "C++", 0, 0, 0, 0, 0, 0, 0, 0, 0, 0, 307, 0, 0, 0, 0, 0, 0, 0, 0, 0, 0, 0, 6, 44, 357
"/home/sachin-kumar/Desktop/coding/1/cpp/build/Release/_deps/llama-src/tests/test-quantize-stats.cpp", "C++", 0, 0, 0, 0, 0, 0, 0, 0, 0, 0, 365, 0, 0, 0, 0, 0, 0, 0, 0, 0, 0, 0, 10, 53, 428
"/home/sachin-kumar/Desktop/coding/1/cpp/build/Release/_deps/llama-src/tests/test-reasoning-budget.cpp", "C++", 0, 0, 0, 0, 0, 0, 0, 0, 0, 0, 183, 0, 0, 0, 0, 0, 0, 0, 0, 0, 0, 0, 41, 37, 261
"/home/sachin-kumar/Desktop/coding/1/cpp/build/Release/_deps/llama-src/tests/test-regex-partial.cpp", "C++", 0, 0, 0, 0, 0, 0, 0, 0, 0, 0, 265, 0, 0, 0, 0, 0, 0, 0, 0, 0, 0, 0, 3, 21, 289
"/home/sachin-kumar/Desktop/coding/1/cpp/build/Release/_deps/llama-src/tests/test-rope.cpp", "C++", 0, 0, 0, 0, 0, 0, 0, 0, 0, 0, 187, 0, 0, 0, 0, 0, 0, 0, 0, 0, 0, 0, 26, 51, 264
"/home/sachin-kumar/Desktop/coding/1/cpp/build/Release/_deps/llama-src/tests/test-sampling.cpp", "C++", 0, 0, 0, 0, 0, 0, 0, 0, 0, 0, 308, 0, 0, 0, 0, 0, 0, 0, 0, 0, 0, 0, 1, 92, 401
"/home/sachin-kumar/Desktop/coding/1/cpp/build/Release/_deps/llama-src/tests/test-state-restore-fragmented.cpp", "C++", 0, 0, 0, 0, 0, 0, 0, 0, 0, 0, 75, 0, 0, 0, 0, 0, 0, 0, 0, 0, 0, 0, 22, 26, 123
"/home/sachin-kumar/Desktop/coding/1/cpp/build/Release/_deps/llama-src/tests/test-thread-safety.cpp", "C++", 0, 0, 0, 0, 0, 0, 0, 0, 0, 0, 129, 0, 0, 0, 0, 0, 0, 0, 0, 0, 0, 0, 11, 25, 165
"/home/sachin-kumar/Desktop/coding/1/cpp/build/Release/_deps/llama-src/tests/test-tokenizer-0.cpp", "C++", 0, 0, 0, 0, 0, 0, 0, 0, 0, 0, 196, 0, 0, 0, 0, 0, 0, 0, 0, 0, 0, 0, 53, 64, 313
"/home/sachin-kumar/Desktop/coding/1/cpp/build/Release/_deps/llama-src/tests/test-tokenizer-0.py", "Python", 0, 0, 0, 0, 25, 0, 0, 0, 0, 0, 0, 0, 0, 0, 0, 0, 0, 0, 0, 0, 0, 0, 16, 6, 47
"/home/sachin-kumar/Desktop/coding/1/cpp/build/Release/_deps/llama-src/tests/test-tokenizer-0.sh", "Shell Script", 0, 0, 0, 0, 0, 0, 27, 0, 0, 0, 0, 0, 0, 0, 0, 0, 0, 0, 0, 0, 0, 0, 7, 13, 47
"/home/sachin-kumar/Desktop/coding/1/cpp/build/Release/_deps/llama-src/tests/test-tokenizer-1-bpe.cpp", "C++", 0, 0, 0, 0, 0, 0, 0, 0, 0, 0, 120, 0, 0, 0, 0, 0, 0, 0, 0, 0, 0, 0, 5, 31, 156
"/home/sachin-kumar/Desktop/coding/1/cpp/build/Release/_deps/llama-src/tests/test-tokenizer-1-spm.cpp", "C++", 0, 0, 0, 0, 0, 0, 0, 0, 0, 0, 92, 0, 0, 0, 0, 0, 0, 0, 0, 0, 0, 0, 4, 30, 126
"/home/sachin-kumar/Desktop/coding/1/cpp/build/Release/_deps/llama-src/tests/test-tokenizer-random.py", "Python", 0, 0, 0, 0, 451, 0, 0, 0, 0, 0, 0, 0, 0, 0, 0, 0, 0, 0, 0, 0, 0, 0, 24, 91, 566
"/home/sachin-kumar/Desktop/coding/1/cpp/build/Release/_deps/llama-src/tests/test-tokenizers-repo.sh", "Shell Script", 0, 0, 0, 0, 0, 0, 33, 0, 0, 0, 0, 0, 0, 0, 0, 0, 0, 0, 0, 0, 0, 0, 2, 9, 44
"/home/sachin-kumar/Desktop/coding/1/cpp/build/Release/_deps/llama-src/tests/testing.h", "C++", 0, 0, 0, 0, 0, 0, 0, 0, 0, 0, 198, 0, 0, 0, 0, 0, 0, 0, 0, 0, 0, 0, 2, 44, 244
"/home/sachin-kumar/Desktop/coding/1/cpp/engine/titan_engine.cpp", "C++", 0, 0, 0, 0, 0, 0, 0, 0, 0, 0, 143, 0, 0, 0, 0, 0, 0, 0, 0, 0, 0, 0, 10, 34, 187
"/home/sachin-kumar/Desktop/coding/1/cpp/engine/titan_engine.h", "C++", 0, 0, 0, 0, 0, 0, 0, 0, 0, 0, 49, 0, 0, 0, 0, 0, 0, 0, 0, 0, 0, 0, 7, 15, 71
"/home/sachin-kumar/Desktop/coding/1/cpp/finance/Makefile", "Makefile", 0, 18, 0, 0, 0, 0, 0, 0, 0, 0, 0, 0, 0, 0, 0, 0, 0, 0, 0, 0, 0, 0, 0, 9, 27
"/home/sachin-kumar/Desktop/coding/1/cpp/finance/backtester.hpp", "C++", 0, 0, 0, 0, 0, 0, 0, 0, 0, 0, 225, 0, 0, 0, 0, 0, 0, 0, 0, 0, 0, 0, 22, 39, 286
"/home/sachin-kumar/Desktop/coding/1/cpp/finance/engine.hpp", "C++", 0, 0, 0, 0, 0, 0, 0, 0, 0, 0, 179, 0, 0, 0, 0, 0, 0, 0, 0, 0, 0, 0, 17, 36, 232
"/home/sachin-kumar/Desktop/coding/1/cpp/finance/finance_engine.cpp", "C++", 0, 0, 0, 0, 0, 0, 0, 0, 0, 0, 142, 0, 0, 0, 0, 0, 0, 0, 0, 0, 0, 0, 18, 34, 194
"/home/sachin-kumar/Desktop/coding/1/cpp/finance/fundamentals.hpp", "C++", 0, 0, 0, 0, 0, 0, 0, 0, 0, 0, 82, 0, 0, 0, 0, 0, 0, 0, 0, 0, 0, 0, 9, 20, 111
"/home/sachin-kumar/Desktop/coding/1/cpp/finance/indicators.hpp", "C++", 0, 0, 0, 0, 0, 0, 0, 0, 0, 0, 404, 0, 0, 0, 0, 0, 0, 0, 0, 0, 0, 0, 43, 75, 522
"/home/sachin-kumar/Desktop/coding/1/cpp/finance/math.hpp", "C++", 0, 0, 0, 0, 0, 0, 0, 0, 0, 0, 185, 0, 0, 0, 0, 0, 0, 0, 0, 0, 0, 0, 28, 38, 251
"/home/sachin-kumar/Desktop/coding/1/cpp/finance/patterns.hpp", "C++", 0, 0, 0, 0, 0, 0, 0, 0, 0, 0, 185, 0, 0, 0, 0, 0, 0, 0, 0, 0, 0, 0, 30, 41, 256
"/home/sachin-kumar/Desktop/coding/1/cpp/finance/predictions.hpp", "C++", 0, 0, 0, 0, 0, 0, 0, 0, 0, 0, 212, 0, 0, 0, 0, 0, 0, 0, 0, 0, 0, 0, 36, 62, 310
"/home/sachin-kumar/Desktop/coding/1/cpp/finance/risk.hpp", "C++", 0, 0, 0, 0, 0, 0, 0, 0, 0, 0, 226, 0, 0, 0, 0, 0, 0, 0, 0, 0, 0, 0, 30, 47, 303
"/home/sachin-kumar/Desktop/coding/1/cpp/finance/sentiment.hpp", "C++", 0, 0, 0, 0, 0, 0, 0, 0, 0, 0, 95, 0, 0, 0, 0, 0, 0, 0, 0, 0, 0, 0, 9, 20, 124
"/home/sachin-kumar/Desktop/coding/1/cpp/finance/test_engine.cpp", "C++", 0, 0, 0, 0, 0, 0, 0, 0, 0, 0, 204, 0, 0, 0, 0, 0, 0, 0, 0, 0, 0, 0, 26, 64, 294
"/home/sachin-kumar/Desktop/coding/1/cpp/finance/types.hpp", "C++", 0, 0, 0, 0, 0, 0, 0, 0, 0, 0, 242, 0, 0, 0, 0, 0, 0, 0, 0, 0, 0, 0, 46, 47, 335
"/home/sachin-kumar/Desktop/coding/1/cpp/include/titan.h", "C++", 0, 0, 0, 0, 0, 0, 0, 0, 0, 0, 42, 0, 0, 0, 0, 0, 0, 0, 0, 0, 0, 0, 0, 11, 53
"/home/sachin-kumar/Desktop/coding/1/cpp/neural/sovereign_neural_config.hpp", "C++", 0, 0, 0, 0, 0, 0, 0, 0, 0, 0, 204, 0, 0, 0, 0, 0, 0, 0, 0, 0, 0, 0, 9, 31, 244
"/home/sachin-kumar/Desktop/coding/1/cpp/neural/sovereign_neural_layers.hpp", "C++", 0, 0, 0, 0, 0, 0, 0, 0, 0, 0, 135, 0, 0, 0, 0, 0, 0, 0, 0, 0, 0, 0, 18, 32, 185
"/home/sachin-kumar/Desktop/coding/1/cpp/neural/sovereign_neural_mist.hpp", "C++", 0, 0, 0, 0, 0, 0, 0, 0, 0, 0, 106, 0, 0, 0, 0, 0, 0, 0, 0, 0, 0, 0, 7, 22, 135
"/home/sachin-kumar/Desktop/coding/1/cpp/neural/sovereign_neural_mla.hpp", "C++", 0, 0, 0, 0, 0, 0, 0, 0, 0, 0, 223, 0, 0, 0, 0, 0, 0, 0, 0, 0, 0, 0, 41, 52, 316
"/home/sachin-kumar/Desktop/coding/1/cpp/neural/sovereign_neural_moe.hpp", "C++", 0, 0, 0, 0, 0, 0, 0, 0, 0, 0, 186, 0, 0, 0, 0, 0, 0, 0, 0, 0, 0, 0, 29, 40, 255
"/home/sachin-kumar/Desktop/coding/1/cpp/neural/sovereign_neural_phi.hpp", "C++", 0, 0, 0, 0, 0, 0, 0, 0, 0, 0, 24, 0, 0, 0, 0, 0, 0, 0, 0, 0, 0, 0, 4, 8, 36
"/home/sachin-kumar/Desktop/coding/1/cpp/neural/sovereign_neural_prime.hpp", "C++", 0, 0, 0, 0, 0, 0, 0, 0, 0, 0, 102, 0, 0, 0, 0, 0, 0, 0, 0, 0, 0, 0, 7, 22, 131
"/home/sachin-kumar/Desktop/coding/1/cpp/neural/sovereign_neural_tokenizer.hpp", "C++", 0, 0, 0, 0, 0, 0, 0, 0, 0, 0, 168, 0, 0, 0, 0, 0, 0, 0, 0, 0, 0, 0, 18, 30, 216
"/home/sachin-kumar/Desktop/coding/1/cpp/neural/sovereign_neural_transformer.hpp", "C++", 0, 0, 0, 0, 0, 0, 0, 0, 0, 0, 259, 0, 0, 0, 0, 0, 0, 0, 0, 0, 0, 0, 28, 53, 340
"/home/sachin-kumar/Desktop/coding/1/cpp/scripts/build.sh", "Shell Script", 0, 0, 0, 0, 0, 0, 33, 0, 0, 0, 0, 0, 0, 0, 0, 0, 0, 0, 0, 0, 0, 0, 8, 7, 48
"/home/sachin-kumar/Desktop/coding/1/cpp/src/context_manager.cpp", "C++", 0, 0, 0, 0, 0, 0, 0, 0, 0, 0, 58, 0, 0, 0, 0, 0, 0, 0, 0, 0, 0, 0, 7, 11, 76
"/home/sachin-kumar/Desktop/coding/1/cpp/src/expression_parser.cpp", "C++", 0, 0, 0, 0, 0, 0, 0, 0, 0, 0, 415, 0, 0, 0, 0, 0, 0, 0, 0, 0, 0, 0, 24, 84, 523
"/home/sachin-kumar/Desktop/coding/1/cpp/src/inference_queue.cpp", "C++", 0, 0, 0, 0, 0, 0, 0, 0, 0, 0, 46, 0, 0, 0, 0, 0, 0, 0, 0, 0, 0, 0, 3, 11, 60
"/home/sachin-kumar/Desktop/coding/1/cpp/src/inference_queue.hpp", "C++", 0, 0, 0, 0, 0, 0, 0, 0, 0, 0, 64, 0, 0, 0, 0, 0, 0, 0, 0, 0, 0, 0, 0, 19, 83
"/home/sachin-kumar/Desktop/coding/1/cpp/src/neural_engine.cpp", "C++", 0, 0, 0, 0, 0, 0, 0, 0, 0, 0, 42, 0, 0, 0, 0, 0, 0, 0, 0, 0, 0, 0, 8, 13, 63
"/home/sachin-kumar/Desktop/coding/1/cpp/src/simd_utils.h", "C++", 0, 0, 0, 0, 0, 0, 0, 0, 0, 0, 52, 0, 0, 0, 0, 0, 0, 0, 0, 0, 0, 0, 1, 13, 66
"/home/sachin-kumar/Desktop/coding/1/cpp/src/symbolic_engine.cpp", "C++", 0, 0, 0, 0, 0, 0, 0, 0, 0, 0, 35, 0, 0, 0, 0, 0, 0, 0, 0, 0, 0, 0, 3, 9, 47
"/home/sachin-kumar/Desktop/coding/1/cpp/src/titan.cpp", "C++", 0, 0, 0, 0, 0, 0, 0, 0, 0, 0, 39, 0, 0, 0, 0, 0, 0, 0, 0, 0, 0, 0, 4, 11, 54
"/home/sachin-kumar/Desktop/coding/1/cpp/tests/test_queue.cpp", "C++", 0, 0, 0, 0, 0, 0, 0, 0, 0, 0, 48, 0, 0, 0, 0, 0, 0, 0, 0, 0, 0, 0, 0, 9, 57
"/home/sachin-kumar/Desktop/coding/1/deploy/Dockerfile", "Docker", 0, 0, 0, 0, 0, 0, 0, 26, 0, 0, 0, 0, 0, 0, 0, 0, 0, 0, 0, 0, 0, 0, 16, 17, 59
"/home/sachin-kumar/Desktop/coding/1/deploy/grafana/dashboards/sovereign.json", "JSON", 0, 0, 0, 0, 0, 0, 0, 0, 0, 0, 0, 0, 0, 0, 0, 32, 0, 0, 0, 0, 0, 0, 0, 1, 33
"/home/sachin-kumar/Desktop/coding/1/deploy/grafana/provisioning/datasources/datasource.yml", "YAML", 0, 0, 0, 7, 0, 0, 0, 0, 0, 0, 0, 0, 0, 0, 0, 0, 0, 0, 0, 0, 0, 0, 0, 2, 9
"/home/sachin-kumar/Desktop/coding/1/deploy/k8s/configmap.yaml", "YAML", 0, 0, 0, 9, 0, 0, 0, 0, 0, 0, 0, 0, 0, 0, 0, 0, 0, 0, 0, 0, 0, 0, 0, 1, 10
"/home/sachin-kumar/Desktop/coding/1/deploy/k8s/deployment.yaml", "YAML", 0, 0, 0, 66, 0, 0, 0, 0, 0, 0, 0, 0, 0, 0, 0, 0, 0, 0, 0, 0, 0, 0, 0, 1, 67
"/home/sachin-kumar/Desktop/coding/1/deploy/k8s/hpa.yaml", "YAML", 0, 0, 0, 19, 0, 0, 0, 0, 0, 0, 0, 0, 0, 0, 0, 0, 0, 0, 0, 0, 0, 0, 0, 1, 20
"/home/sachin-kumar/Desktop/coding/1/deploy/k8s/pvc.yaml", "YAML", 0, 0, 0, 11, 0, 0, 0, 0, 0, 0, 0, 0, 0, 0, 0, 0, 0, 0, 0, 0, 0, 0, 0, 1, 12
"/home/sachin-kumar/Desktop/coding/1/deploy/k8s/service.yaml", "YAML", 0, 0, 0, 13, 0, 0, 0, 0, 0, 0, 0, 0, 0, 0, 0, 0, 0, 0, 0, 0, 0, 0, 0, 1, 14
"/home/sachin-kumar/Desktop/coding/1/deploy/prometheus.yml", "YAML", 0, 0, 0, 8, 0, 0, 0, 0, 0, 0, 0, 0, 0, 0, 0, 0, 0, 0, 0, 0, 0, 0, 0, 2, 10
"/home/sachin-kumar/Desktop/coding/1/deploy/prometheus/alerts.yml", "YAML", 0, 0, 0, 27, 0, 0, 0, 0, 0, 0, 0, 0, 0, 0, 0, 0, 0, 0, 0, 0, 0, 0, 0, 3, 30
"/home/sachin-kumar/Desktop/coding/1/deploy/prometheus/prometheus.yml", "YAML", 0, 0, 0, 9, 0, 0, 0, 0, 0, 0, 0, 0, 0, 0, 0, 0, 0, 0, 0, 0, 0, 0, 0, 3, 12
"/home/sachin-kumar/Desktop/coding/1/docker-compose.override.yml", "YAML", 0, 0, 0, 12, 0, 0, 0, 0, 0, 0, 0, 0, 0, 0, 0, 0, 0, 0, 0, 0, 0, 0, 0, 1, 13
"/home/sachin-kumar/Desktop/coding/1/docker-compose.yml", "YAML", 0, 0, 0, 124, 0, 0, 0, 0, 0, 0, 0, 0, 0, 0, 0, 0, 0, 0, 0, 0, 0, 0, 6, 9, 139
"/home/sachin-kumar/Desktop/coding/1/docs/README.md", "Markdown", 7, 0, 0, 0, 0, 0, 0, 0, 0, 0, 0, 0, 0, 0, 0, 0, 0, 0, 0, 0, 0, 0, 0, 3, 10
"/home/sachin-kumar/Desktop/coding/1/go.mod", "Go Module File", 0, 0, 153, 0, 0, 0, 0, 0, 0, 0, 0, 0, 0, 0, 0, 0, 0, 0, 0, 0, 0, 0, 0, 4, 157
"/home/sachin-kumar/Desktop/coding/1/go.sum", "Go Checksum File", 0, 0, 0, 0, 0, 0, 0, 0, 0, 632, 0, 0, 0, 0, 0, 0, 0, 0, 0, 0, 0, 0, 0, 1, 633
"/home/sachin-kumar/Desktop/coding/1/home/sachin-kumar/Desktop/papiai-landing/index.html", "HTML", 0, 0, 0, 0, 0, 0, 0, 0, 0, 0, 0, 0, 0, 82, 0, 0, 0, 0, 0, 0, 0, 0, 0, 9, 91
"/home/sachin-kumar/Desktop/coding/1/internal/agent/context_manager.go", "Go", 0, 0, 0, 0, 0, 198, 0, 0, 0, 0, 0, 0, 0, 0, 0, 0, 0, 0, 0, 0, 0, 0, 33, 42, 273
"/home/sachin-kumar/Desktop/coding/1/internal/agent/memory_store.go", "Go", 0, 0, 0, 0, 0, 151, 0, 0, 0, 0, 0, 0, 0, 0, 0, 0, 0, 0, 0, 0, 0, 0, 17, 40, 208
"/home/sachin-kumar/Desktop/coding/1/internal/agent/react.go", "Go", 0, 0, 0, 0, 0, 259, 0, 0, 0, 0, 0, 0, 0, 0, 0, 0, 0, 0, 0, 0, 0, 0, 38, 58, 355
"/home/sachin-kumar/Desktop/coding/1/internal/agent/tools.go", "Go", 0, 0, 0, 0, 0, 286, 0, 0, 0, 0, 0, 0, 0, 0, 0, 0, 0, 0, 0, 0, 0, 0, 26, 57, 369
"/home/sachin-kumar/Desktop/coding/1/internal/api/export.go", "Go", 0, 0, 0, 0, 0, 72, 0, 0, 0, 0, 0, 0, 0, 0, 0, 0, 0, 0, 0, 0, 0, 0, 4, 12, 88
"/home/sachin-kumar/Desktop/coding/1/internal/api/finance_handlers.go", "Go", 0, 0, 0, 0, 0, 290, 0, 0, 0, 0, 0, 0, 0, 0, 0, 0, 0, 0, 0, 0, 0, 0, 25, 62, 377
"/home/sachin-kumar/Desktop/coding/1/internal/api/handlers.go", "Go", 0, 0, 0, 0, 0, 177, 0, 0, 0, 0, 0, 0, 0, 0, 0, 0, 0, 0, 0, 0, 0, 0, 12, 36, 225
"/home/sachin-kumar/Desktop/coding/1/internal/api/hub.go", "Go", 0, 0, 0, 0, 0, 95, 0, 0, 0, 0, 0, 0, 0, 0, 0, 0, 0, 0, 0, 0, 0, 0, 4, 20, 119
"/home/sachin-kumar/Desktop/coding/1/internal/api/multimodal.go", "Go", 0, 0, 0, 0, 0, 123, 0, 0, 0, 0, 0, 0, 0, 0, 0, 0, 0, 0, 0, 0, 0, 0, 15, 26, 164
"/home/sachin-kumar/Desktop/coding/1/internal/api/security.go", "Go", 0, 0, 0, 0, 0, 148, 0, 0, 0, 0, 0, 0, 0, 0, 0, 0, 0, 0, 0, 0, 0, 0, 21, 30, 199
"/home/sachin-kumar/Desktop/coding/1/internal/api/telemetry.go", "Go", 0, 0, 0, 0, 0, 43, 0, 0, 0, 0, 0, 0, 0, 0, 0, 0, 0, 0, 0, 0, 0, 0, 2, 7, 52
"/home/sachin-kumar/Desktop/coding/1/internal/api/websocket.go", "Go", 0, 0, 0, 0, 0, 235, 0, 0, 0, 0, 0, 0, 0, 0, 0, 0, 0, 0, 0, 0, 0, 0, 31, 39, 305
"/home/sachin-kumar/Desktop/coding/1/internal/auditor/auditor.go", "Go", 0, 0, 0, 0, 0, 18, 0, 0, 0, 0, 0, 0, 0, 0, 0, 0, 0, 0, 0, 0, 0, 0, 5, 6, 29
"/home/sachin-kumar/Desktop/coding/1/internal/auditor/auditor_test.go", "Go", 0, 0, 0, 0, 0, 56, 0, 0, 0, 0, 0, 0, 0, 0, 0, 0, 0, 0, 0, 0, 0, 0, 5, 16, 77
"/home/sachin-kumar/Desktop/coding/1/internal/auditor/implementation.go", "Go", 0, 0, 0, 0, 0, 43, 0, 0, 0, 0, 0, 0, 0, 0, 0, 0, 0, 0, 0, 0, 0, 0, 1, 9, 53
"/home/sachin-kumar/Desktop/coding/1/internal/auditor/keystore.go", "Go", 0, 0, 0, 0, 0, 88, 0, 0, 0, 0, 0, 0, 0, 0, 0, 0, 0, 0, 0, 0, 0, 0, 2, 23, 113
"/home/sachin-kumar/Desktop/coding/1/internal/auditor/store.go", "Go", 0, 0, 0, 0, 0, 46, 0, 0, 0, 0, 0, 0, 0, 0, 0, 0, 0, 0, 0, 0, 0, 0, 1, 11, 58
"/home/sachin-kumar/Desktop/coding/1/internal/auditor/trail.go", "Go", 0, 0, 0, 0, 0, 63, 0, 0, 0, 0, 0, 0, 0, 0, 0, 0, 0, 0, 0, 0, 0, 0, 1, 10, 74
"/home/sachin-kumar/Desktop/coding/1/internal/auditor/verifier.go", "Go", 0, 0, 0, 0, 0, 29, 0, 0, 0, 0, 0, 0, 0, 0, 0, 0, 0, 0, 0, 0, 0, 0, 4, 8, 41
"/home/sachin-kumar/Desktop/coding/1/internal/auth/auth_test.go", "Go", 0, 0, 0, 0, 0, 58, 0, 0, 0, 0, 0, 0, 0, 0, 0, 0, 0, 0, 0, 0, 0, 0, 7, 15, 80
"/home/sachin-kumar/Desktop/coding/1/internal/auth/jwt.go", "Go", 0, 0, 0, 0, 0, 76, 0, 0, 0, 0, 0, 0, 0, 0, 0, 0, 0, 0, 0, 0, 0, 0, 6, 17, 99
"/home/sachin-kumar/Desktop/coding/1/internal/auth/middleware.go", "Go", 0, 0, 0, 0, 0, 97, 0, 0, 0, 0, 0, 0, 0, 0, 0, 0, 0, 0, 0, 0, 0, 0, 5, 20, 122
"/home/sachin-kumar/Desktop/coding/1/internal/bench_test.go", "Go", 0, 0, 0, 0, 0, 35, 0, 0, 0, 0, 0, 0, 0, 0, 0, 0, 0, 0, 0, 0, 0, 0, 2, 10, 47
"/home/sachin-kumar/Desktop/coding/1/internal/core/core.go", "Go", 0, 0, 0, 0, 0, 173, 0, 0, 0, 0, 0, 0, 0, 0, 0, 0, 0, 0, 0, 0, 0, 0, 13, 31, 217
"/home/sachin-kumar/Desktop/coding/1/internal/core/health.go", "Go", 0, 0, 0, 0, 0, 30, 0, 0, 0, 0, 0, 0, 0, 0, 0, 0, 0, 0, 0, 0, 0, 0, 2, 8, 40
"/home/sachin-kumar/Desktop/coding/1/internal/guard/audit_hook.go", "Go", 0, 0, 0, 0, 0, 16, 0, 0, 0, 0, 0, 0, 0, 0, 0, 0, 0, 0, 0, 0, 0, 0, 3, 7, 26
"/home/sachin-kumar/Desktop/coding/1/internal/guard/capabilities.go", "Go", 0, 0, 0, 0, 0, 33, 0, 0, 0, 0, 0, 0, 0, 0, 0, 0, 0, 0, 0, 0, 0, 0, 0, 6, 39
"/home/sachin-kumar/Desktop/coding/1/internal/guard/enforcer.go", "Go", 0, 0, 0, 0, 0, 53, 0, 0, 0, 0, 0, 0, 0, 0, 0, 0, 0, 0, 0, 0, 0, 0, 3, 13, 69
"/home/sachin-kumar/Desktop/coding/1/internal/guard/guard.go", "Go", 0, 0, 0, 0, 0, 19, 0, 0, 0, 0, 0, 0, 0, 0, 0, 0, 0, 0, 0, 0, 0, 0, 5, 7, 31
"/home/sachin-kumar/Desktop/coding/1/internal/guard/guard_test.go", "Go", 0, 0, 0, 0, 0, 54, 0, 0, 0, 0, 0, 0, 0, 0, 0, 0, 0, 0, 0, 0, 0, 0, 4, 16, 74
"/home/sachin-kumar/Desktop/coding/1/internal/guard/implementation.go", "Go", 0, 0, 0, 0, 0, 34, 0, 0, 0, 0, 0, 0, 0, 0, 0, 0, 0, 0, 0, 0, 0, 0, 1, 7, 42
"/home/sachin-kumar/Desktop/coding/1/internal/guard/sandbox.go", "Go", 0, 0, 0, 0, 0, 52, 0, 0, 0, 0, 0, 0, 0, 0, 0, 0, 0, 0, 0, 0, 0, 0, 2, 14, 68
"/home/sachin-kumar/Desktop/coding/1/internal/integration/integration_test.go", "Go", 0, 0, 0, 0, 0, 38, 0, 0, 0, 0, 0, 0, 0, 0, 0, 0, 0, 0, 0, 0, 0, 0, 3, 10, 51
"/home/sachin-kumar/Desktop/coding/1/internal/knowledge/graph.go", "Go", 0, 0, 0, 0, 0, 277, 0, 0, 0, 0, 0, 0, 0, 0, 0, 0, 0, 0, 0, 0, 0, 0, 19, 42, 338
"/home/sachin-kumar/Desktop/coding/1/internal/llm/ollama.go", "Go", 0, 0, 0, 0, 0, 238, 0, 0, 0, 0, 0, 0, 0, 0, 0, 0, 0, 0, 0, 0, 0, 0, 11, 45, 294
"/home/sachin-kumar/Desktop/coding/1/internal/llm/types.go", "Go", 0, 0, 0, 0, 0, 64, 0, 0, 0, 0, 0, 0, 0, 0, 0, 0, 0, 0, 0, 0, 0, 0, 14, 16, 94
"/home/sachin-kumar/Desktop/coding/1/internal/mathsolver/client.go", "Go", 0, 0, 0, 0, 0, 93, 0, 0, 0, 0, 0, 0, 0, 0, 0, 0, 0, 0, 0, 0, 0, 0, 2, 19, 114
"/home/sachin-kumar/Desktop/coding/1/internal/mesh/gossip.go", "Go", 0, 0, 0, 0, 0, 70, 0, 0, 0, 0, 0, 0, 0, 0, 0, 0, 0, 0, 0, 0, 0, 0, 7, 15, 92
"/home/sachin-kumar/Desktop/coding/1/internal/mesh/gossip.pb.go", "Go", 0, 0, 0, 0, 0, 130, 0, 0, 0, 0, 0, 0, 0, 0, 0, 0, 0, 0, 0, 0, 0, 0, 8, 21, 159
"/home/sachin-kumar/Desktop/coding/1/internal/mesh/implementation.go", "Go", 0, 0, 0, 0, 0, 71, 0, 0, 0, 0, 0, 0, 0, 0, 0, 0, 0, 0, 0, 0, 0, 0, 1, 11, 83
"/home/sachin-kumar/Desktop/coding/1/internal/mesh/mesh.go", "Go", 0, 0, 0, 0, 0, 16, 0, 0, 0, 0, 0, 0, 0, 0, 0, 0, 0, 0, 0, 0, 0, 0, 6, 7, 29
"/home/sachin-kumar/Desktop/coding/1/internal/mesh/mesh_p2p_test.go", "Go", 0, 0, 0, 0, 0, 29, 0, 0, 0, 0, 0, 0, 0, 0, 0, 0, 0, 0, 0, 0, 0, 0, 7, 11, 47
"/home/sachin-kumar/Desktop/coding/1/internal/mesh/mesh_test.go", "Go", 0, 0, 0, 0, 0, 52, 0, 0, 0, 0, 0, 0, 0, 0, 0, 0, 0, 0, 0, 0, 0, 0, 0, 11, 63
"/home/sachin-kumar/Desktop/coding/1/internal/mesh/node.go", "Go", 0, 0, 0, 0, 0, 58, 0, 0, 0, 0, 0, 0, 0, 0, 0, 0, 0, 0, 0, 0, 0, 0, 6, 11, 75
"/home/sachin-kumar/Desktop/coding/1/internal/mesh/peers.go", "Go", 0, 0, 0, 0, 0, 43, 0, 0, 0, 0, 0, 0, 0, 0, 0, 0, 0, 0, 0, 0, 0, 0, 5, 11, 59
"/home/sachin-kumar/Desktop/coding/1/internal/mesh/verify.go", "Go", 0, 0, 0, 0, 0, 43, 0, 0, 0, 0, 0, 0, 0, 0, 0, 0, 0, 0, 0, 0, 0, 0, 3, 11, 57
"/home/sachin-kumar/Desktop/coding/1/internal/metrics/metrics.go", "Go", 0, 0, 0, 0, 0, 45, 0, 0, 0, 0, 0, 0, 0, 0, 0, 0, 0, 0, 0, 0, 0, 0, 1, 12, 58
"/home/sachin-kumar/Desktop/coding/1/internal/models/interfaces.go", "Go", 0, 0, 0, 0, 0, 18, 0, 0, 0, 0, 0, 0, 0, 0, 0, 0, 0, 0, 0, 0, 0, 0, 10, 10, 38
"/home/sachin-kumar/Desktop/coding/1/internal/models/models.go", "Go", 0, 0, 0, 0, 0, 101, 0, 0, 0, 0, 0, 0, 0, 0, 0, 0, 0, 0, 0, 0, 0, 0, 14, 19, 134
"/home/sachin-kumar/Desktop/coding/1/internal/orchestrator/dispatcher.go", "Go", 0, 0, 0, 0, 0, 38, 0, 0, 0, 0, 0, 0, 0, 0, 0, 0, 0, 0, 0, 0, 0, 0, 5, 11, 54
"/home/sachin-kumar/Desktop/coding/1/internal/orchestrator/orchestrator.go", "Go", 0, 0, 0, 0, 0, 380, 0, 0, 0, 0, 0, 0, 0, 0, 0, 0, 0, 0, 0, 0, 0, 0, 36, 69, 485
"/home/sachin-kumar/Desktop/coding/1/internal/orchestrator/orchestrator_test.go", "Go", 0, 0, 0, 0, 0, 67, 0, 0, 0, 0, 0, 0, 0, 0, 0, 0, 0, 0, 0, 0, 0, 0, 4, 20, 91
"/home/sachin-kumar/Desktop/coding/1/internal/rag/embed.go", "Go", 0, 0, 0, 0, 0, 70, 0, 0, 0, 0, 0, 0, 0, 0, 0, 0, 0, 0, 0, 0, 0, 0, 2, 14, 86
"/home/sachin-kumar/Desktop/coding/1/internal/rag/index.go", "Go", 0, 0, 0, 0, 0, 76, 0, 0, 0, 0, 0, 0, 0, 0, 0, 0, 0, 0, 0, 0, 0, 0, 1, 15, 92
"/home/sachin-kumar/Desktop/coding/1/internal/rag/pipeline.go", "Go", 0, 0, 0, 0, 0, 54, 0, 0, 0, 0, 0, 0, 0, 0, 0, 0, 0, 0, 0, 0, 0, 0, 3, 14, 71
"/home/sachin-kumar/Desktop/coding/1/internal/rag/qdrant.go", "Go", 0, 0, 0, 0, 0, 151, 0, 0, 0, 0, 0, 0, 0, 0, 0, 0, 0, 0, 0, 0, 0, 0, 11, 25, 187
"/home/sachin-kumar/Desktop/coding/1/internal/rag/rag_test.go", "Go", 0, 0, 0, 0, 0, 28, 0, 0, 0, 0, 0, 0, 0, 0, 0, 0, 0, 0, 0, 0, 0, 0, 13, 10, 51
"/home/sachin-kumar/Desktop/coding/1/internal/rag/store.go", "Go", 0, 0, 0, 0, 0, 95, 0, 0, 0, 0, 0, 0, 0, 0, 0, 0, 0, 0, 0, 0, 0, 0, 3, 18, 116
"/home/sachin-kumar/Desktop/coding/1/internal/reflex/budget.go", "Go", 0, 0, 0, 0, 0, 29, 0, 0, 0, 0, 0, 0, 0, 0, 0, 0, 0, 0, 0, 0, 0, 0, 0, 9, 38
"/home/sachin-kumar/Desktop/coding/1/internal/reflex/corrector.go", "Go", 0, 0, 0, 0, 0, 48, 0, 0, 0, 0, 0, 0, 0, 0, 0, 0, 0, 0, 0, 0, 0, 0, 5, 12, 65
"/home/sachin-kumar/Desktop/coding/1/internal/reflex/detector.go", "Go", 0, 0, 0, 0, 0, 73, 0, 0, 0, 0, 0, 0, 0, 0, 0, 0, 0, 0, 0, 0, 0, 0, 5, 12, 90
"/home/sachin-kumar/Desktop/coding/1/internal/reflex/implementation.go", "Go", 0, 0, 0, 0, 0, 35, 0, 0, 0, 0, 0, 0, 0, 0, 0, 0, 0, 0, 0, 0, 0, 0, 1, 7, 43
"/home/sachin-kumar/Desktop/coding/1/internal/reflex/learner.go", "Go", 0, 0, 0, 0, 0, 27, 0, 0, 0, 0, 0, 0, 0, 0, 0, 0, 0, 0, 0, 0, 0, 0, 2, 9, 38
"/home/sachin-kumar/Desktop/coding/1/internal/reflex/reflex.go", "Go", 0, 0, 0, 0, 0, 15, 0, 0, 0, 0, 0, 0, 0, 0, 0, 0, 0, 0, 0, 0, 0, 0, 5, 6, 26
"/home/sachin-kumar/Desktop/coding/1/internal/reflex/reflex_test.go", "Go", 0, 0, 0, 0, 0, 55, 0, 0, 0, 0, 0, 0, 0, 0, 0, 0, 0, 0, 0, 0, 0, 0, 3, 13, 71
"/home/sachin-kumar/Desktop/coding/1/internal/scheduler/gravity.go", "Go", 0, 0, 0, 0, 0, 61, 0, 0, 0, 0, 0, 0, 0, 0, 0, 0, 0, 0, 0, 0, 0, 0, 2, 11, 74
"/home/sachin-kumar/Desktop/coding/1/internal/scheduler/migrator.go", "Go", 0, 0, 0, 0, 0, 35, 0, 0, 0, 0, 0, 0, 0, 0, 0, 0, 0, 0, 0, 0, 0, 0, 4, 8, 47
"/home/sachin-kumar/Desktop/coding/1/internal/scheduler/receiver.go", "Go", 0, 0, 0, 0, 0, 23, 0, 0, 0, 0, 0, 0, 0, 0, 0, 0, 0, 0, 0, 0, 0, 0, 3, 9, 35
"/home/sachin-kumar/Desktop/coding/1/internal/scheduler/scheduler.go", "Go", 0, 0, 0, 0, 0, 38, 0, 0, 0, 0, 0, 0, 0, 0, 0, 0, 0, 0, 0, 0, 0, 0, 6, 10, 54
"/home/sachin-kumar/Desktop/coding/1/internal/scheduler/scheduler_test.go", "Go", 0, 0, 0, 0, 0, 48, 0, 0, 0, 0, 0, 0, 0, 0, 0, 0, 0, 0, 0, 0, 0, 0, 5, 15, 68
"/home/sachin-kumar/Desktop/coding/1/internal/storage/storage.go", "Go", 0, 0, 0, 0, 0, 114, 0, 0, 0, 0, 0, 0, 0, 0, 0, 0, 0, 0, 0, 0, 0, 0, 12, 24, 150
"/home/sachin-kumar/Desktop/coding/1/internal/storage/storage_test.go", "Go", 0, 0, 0, 0, 0, 36, 0, 0, 0, 0, 0, 0, 0, 0, 0, 0, 0, 0, 0, 0, 0, 0, 0, 9, 45
"/home/sachin-kumar/Desktop/coding/1/internal/telemetry/client.go", "Go", 0, 0, 0, 0, 0, 110, 0, 0, 0, 0, 0, 0, 0, 0, 0, 0, 0, 0, 0, 0, 0, 0, 6, 21, 137
"/home/sachin-kumar/Desktop/coding/1/internal/telemetry/hub.go", "Go", 0, 0, 0, 0, 0, 62, 0, 0, 0, 0, 0, 0, 0, 0, 0, 0, 0, 0, 0, 0, 0, 0, 7, 14, 83
"/home/sachin-kumar/Desktop/coding/1/internal/telemetry/message.go", "Go", 0, 0, 0, 0, 0, 31, 0, 0, 0, 0, 0, 0, 0, 0, 0, 0, 0, 0, 0, 0, 0, 0, 3, 7, 41
"/home/sachin-kumar/Desktop/coding/1/internal/telemetry/otel.go", "Go", 0, 0, 0, 0, 0, 41, 0, 0, 0, 0, 0, 0, 0, 0, 0, 0, 0, 0, 0, 0, 0, 0, 1, 9, 51
"/home/sachin-kumar/Desktop/coding/1/internal/telemetry/telemetry_test.go", "Go", 0, 0, 0, 0, 0, 64, 0, 0, 0, 0, 0, 0, 0, 0, 0, 0, 0, 0, 0, 0, 0, 0, 5, 15, 84
"/home/sachin-kumar/Desktop/coding/1/internal/testutil/testutil.go", "Go", 0, 0, 0, 0, 0, 56, 0, 0, 0, 0, 0, 0, 0, 0, 0, 0, 0, 0, 0, 0, 0, 0, 6, 12, 74
"/home/sachin-kumar/Desktop/coding/1/internal/titan/bridge.go", "Go", 0, 0, 0, 0, 0, 51, 0, 0, 0, 0, 0, 0, 0, 0, 0, 0, 0, 0, 0, 0, 0, 0, 5, 13, 69
"/home/sachin-kumar/Desktop/coding/1/internal/titan/bridge_test.go", "Go", 0, 0, 0, 0, 0, 41, 0, 0, 0, 0, 0, 0, 0, 0, 0, 0, 0, 0, 0, 0, 0, 0, 5, 13, 59
"/home/sachin-kumar/Desktop/coding/1/internal/titan/fallback.go", "Go", 0, 0, 0, 0, 0, 63, 0, 0, 0, 0, 0, 0, 0, 0, 0, 0, 0, 0, 0, 0, 0, 0, 3, 15, 81
"/home/sachin-kumar/Desktop/coding/1/internal/titan/pool.go", "Go", 0, 0, 0, 0, 0, 60, 0, 0, 0, 0, 0, 0, 0, 0, 0, 0, 0, 0, 0, 0, 0, 0, 1, 14, 75
"/home/sachin-kumar/Desktop/coding/1/internal/titan/titan.go", "Go", 0, 0, 0, 0, 0, 8, 0, 0, 0, 0, 0, 0, 0, 0, 0, 0, 0, 0, 0, 0, 0, 0, 1, 3, 12
"/home/sachin-kumar/Desktop/coding/1/internal/titan/titan_test.go", "Go", 0, 0, 0, 0, 0, 16, 0, 0, 0, 0, 0, 0, 0, 0, 0, 0, 0, 0, 0, 0, 0, 0, 2, 5, 23
"/home/sachin-kumar/Desktop/coding/1/internal/titan/wasm/graphics.cpp", "C++", 0, 0, 0, 0, 0, 0, 0, 0, 0, 0, 52, 0, 0, 0, 0, 0, 0, 0, 0, 0, 0, 0, 2, 11, 65
"/home/sachin-kumar/Desktop/coding/1/math_solver/Dockerfile", "Docker", 0, 0, 0, 0, 0, 0, 0, 16, 0, 0, 0, 0, 0, 0, 0, 0, 0, 0, 0, 0, 0, 0, 8, 10, 34
"/home/sachin-kumar/Desktop/coding/1/math_solver/README.md", "Markdown", 47, 0, 0, 0, 0, 0, 0, 0, 0, 0, 0, 0, 0, 0, 0, 0, 0, 0, 0, 0, 0, 0, 0, 10, 57
"/home/sachin-kumar/Desktop/coding/1/math_solver/classifier/__init__.py", "Python", 0, 0, 0, 0, 0, 0, 0, 0, 0, 0, 0, 0, 0, 0, 0, 0, 0, 0, 0, 0, 0, 0, 1, 1, 2
"/home/sachin-kumar/Desktop/coding/1/math_solver/classifier/train.py", "Python", 0, 0, 0, 0, 43, 0, 0, 0, 0, 0, 0, 0, 0, 0, 0, 0, 0, 0, 0, 0, 0, 0, 8, 14, 65
"/home/sachin-kumar/Desktop/coding/1/math_solver/core/__init__.py", "Python", 0, 0, 0, 0, 0, 0, 0, 0, 0, 0, 0, 0, 0, 0, 0, 0, 0, 0, 0, 0, 0, 0, 1, 1, 2
"/home/sachin-kumar/Desktop/coding/1/math_solver/core/classifier.py", "Python", 0, 0, 0, 0, 35, 0, 0, 0, 0, 0, 0, 0, 0, 0, 0, 0, 0, 0, 0, 0, 0, 0, 1, 6, 42
"/home/sachin-kumar/Desktop/coding/1/math_solver/core/geometry.py", "Python", 0, 0, 0, 0, 60, 0, 0, 0, 0, 0, 0, 0, 0, 0, 0, 0, 0, 0, 0, 0, 0, 0, 3, 8, 71
"/home/sachin-kumar/Desktop/coding/1/math_solver/core/numeric.py", "Python", 0, 0, 0, 0, 66, 0, 0, 0, 0, 0, 0, 0, 0, 0, 0, 0, 0, 0, 0, 0, 0, 0, 2, 6, 74
"/home/sachin-kumar/Desktop/coding/1/math_solver/core/orchestrator.py", "Python", 0, 0, 0, 0, 61, 0, 0, 0, 0, 0, 0, 0, 0, 0, 0, 0, 0, 0, 0, 0, 0, 0, 10, 12, 83
"/home/sachin-kumar/Desktop/coding/1/math_solver/core/processor.py", "Python", 0, 0, 0, 0, 68, 0, 0, 0, 0, 0, 0, 0, 0, 0, 0, 0, 0, 0, 0, 0, 0, 0, 7, 13, 88
"/home/sachin-kumar/Desktop/coding/1/math_solver/core/symbolic.py", "Python", 0, 0, 0, 0, 117, 0, 0, 0, 0, 0, 0, 0, 0, 0, 0, 0, 0, 0, 0, 0, 0, 0, 1, 21, 139
"/home/sachin-kumar/Desktop/coding/1/math_solver/main.py", "Python", 0, 0, 0, 0, 38, 0, 0, 0, 0, 0, 0, 0, 0, 0, 0, 0, 0, 0, 0, 0, 0, 0, 1, 9, 48
"/home/sachin-kumar/Desktop/coding/1/math_solver/requirements.txt", "pip requirements", 0, 0, 0, 0, 0, 0, 0, 0, 14, 0, 0, 0, 0, 0, 0, 0, 0, 0, 0, 0, 0, 0, 0, 1, 15
"/home/sachin-kumar/Desktop/coding/1/math_solver/server.py", "Python", 0, 0, 0, 0, 36, 0, 0, 0, 0, 0, 0, 0, 0, 0, 0, 0, 0, 0, 0, 0, 0, 0, 0, 7, 43
"/home/sachin-kumar/Desktop/coding/1/math_solver/solve.py", "Python", 0, 0, 0, 0, 28, 0, 0, 0, 0, 0, 0, 0, 0, 0, 0, 0, 0, 0, 0, 0, 0, 0, 0, 8, 36
"/home/sachin-kumar/Desktop/coding/1/math_solver/solver.py", "Python", 0, 0, 0, 0, 55, 0, 0, 0, 0, 0, 0, 0, 0, 0, 0, 0, 0, 0, 0, 0, 0, 0, 0, 11, 66
"/home/sachin-kumar/Desktop/coding/1/math_solver/tests/test_data.py", "Python", 0, 0, 0, 0, 19, 0, 0, 0, 0, 0, 0, 0, 0, 0, 0, 0, 0, 0, 0, 0, 0, 0, 3, 4, 26
"/home/sachin-kumar/Desktop/coding/1/math_solver/tests/test_solver.py", "Python", 0, 0, 0, 0, 26, 0, 0, 0, 0, 0, 0, 0, 0, 0, 0, 0, 0, 0, 0, 0, 0, 0, 1, 8, 35
"/home/sachin-kumar/Desktop/coding/1/math_solver/tests/test_solvers.py", "Python", 0, 0, 0, 0, 22, 0, 0, 0, 0, 0, 0, 0, 0, 0, 0, 0, 0, 0, 0, 0, 0, 0, 1, 5, 28
"/home/sachin-kumar/Desktop/coding/1/papiai_foundation_model/README.md", "Markdown", 23, 0, 0, 0, 0, 0, 0, 0, 0, 0, 0, 0, 0, 0, 0, 0, 0, 0, 0, 0, 0, 0, 0, 9, 32
"/home/sachin-kumar/Desktop/coding/1/papiai_foundation_model/dataset.py", "Python", 0, 0, 0, 0, 74, 0, 0, 0, 0, 0, 0, 0, 0, 0, 0, 0, 0, 0, 0, 0, 0, 0, 5, 19, 98
"/home/sachin-kumar/Desktop/coding/1/papiai_foundation_model/hybrid_ai_pipeline.py", "Python", 0, 0, 0, 0, 39, 0, 0, 0, 0, 0, 0, 0, 0, 0, 0, 0, 0, 0, 0, 0, 0, 0, 18, 17, 74
"/home/sachin-kumar/Desktop/coding/1/papiai_foundation_model/inference.py", "Python", 0, 0, 0, 0, 50, 0, 0, 0, 0, 0, 0, 0, 0, 0, 0, 0, 0, 0, 0, 0, 0, 0, 6, 17, 73
"/home/sachin-kumar/Desktop/coding/1/papiai_foundation_model/math_of_ai.py", "Python", 0, 0, 0, 0, 72, 0, 0, 0, 0, 0, 0, 0, 0, 0, 0, 0, 0, 0, 0, 0, 0, 0, 29, 31, 132
"/home/sachin-kumar/Desktop/coding/1/papiai_foundation_model/model.py", "Python", 0, 0, 0, 0, 118, 0, 0, 0, 0, 0, 0, 0, 0, 0, 0, 0, 0, 0, 0, 0, 0, 0, 3, 26, 147
"/home/sachin-kumar/Desktop/coding/1/papiai_foundation_model/sovereign_ai_master.py", "Python", 0, 0, 0, 0, 120, 0, 0, 0, 0, 0, 0, 0, 0, 0, 0, 0, 0, 0, 0, 0, 0, 0, 13, 21, 154
"/home/sachin-kumar/Desktop/coding/1/papiai_foundation_model/synthetic_data_generator.py", "Python", 0, 0, 0, 0, 95, 0, 0, 0, 0, 0, 0, 0, 0, 0, 0, 0, 0, 0, 0, 0, 0, 0, 4, 24, 123
"/home/sachin-kumar/Desktop/coding/1/papiai_foundation_model/train.py", "Python", 0, 0, 0, 0, 64, 0, 0, 0, 0, 0, 0, 0, 0, 0, 0, 0, 0, 0, 0, 0, 0, 0, 9, 18, 91
"/home/sachin-kumar/Desktop/coding/1/papiai_training_core/README.md", "Markdown", 23, 0, 0, 0, 0, 0, 0, 0, 0, 0, 0, 0, 0, 0, 0, 0, 0, 0, 0, 0, 0, 0, 0, 7, 30
"/home/sachin-kumar/Desktop/coding/1/papiai_training_core/requirements.txt", "pip requirements", 0, 0, 0, 0, 0, 0, 0, 0, 5, 0, 0, 0, 0, 0, 0, 0, 0, 0, 0, 0, 0, 0, 0, 1, 6
"/home/sachin-kumar/Desktop/coding/1/papiai_training_core/run_papiai.py", "Python", 0, 0, 0, 0, 56, 0, 0, 0, 0, 0, 0, 0, 0, 0, 0, 0, 0, 0, 0, 0, 0, 0, 1, 16, 73
"/home/sachin-kumar/Desktop/coding/1/papiai_training_core/train_papiai.py", "Python", 0, 0, 0, 0, 97, 0, 0, 0, 0, 0, 0, 0, 0, 0, 0, 0, 0, 0, 0, 0, 0, 0, 6, 24, 127
"/home/sachin-kumar/Desktop/coding/1/pkg/audit/auditor.go", "Go", 0, 0, 0, 0, 0, 54, 0, 0, 0, 0, 0, 0, 0, 0, 0, 0, 0, 0, 0, 0, 0, 0, 7, 14, 75
"/home/sachin-kumar/Desktop/coding/1/pkg/audit/auditor_test.go", "Go", 0, 0, 0, 0, 0, 36, 0, 0, 0, 0, 0, 0, 0, 0, 0, 0, 0, 0, 0, 0, 0, 0, 4, 12, 52
"/home/sachin-kumar/Desktop/coding/1/pkg/capabilities/capabilities.go", "Go", 0, 0, 0, 0, 0, 41, 0, 0, 0, 0, 0, 0, 0, 0, 0, 0, 0, 0, 0, 0, 0, 0, 5, 8, 54
"/home/sachin-kumar/Desktop/coding/1/pkg/cli/shell.go", "Go", 0, 0, 0, 0, 0, 59, 0, 0, 0, 0, 0, 0, 0, 0, 0, 0, 0, 0, 0, 0, 0, 0, 5, 14, 78
"/home/sachin-kumar/Desktop/coding/1/pkg/config/config.go", "Go", 0, 0, 0, 0, 0, 48, 0, 0, 0, 0, 0, 0, 0, 0, 0, 0, 0, 0, 0, 0, 0, 0, 5, 14, 67
"/home/sachin-kumar/Desktop/coding/1/pkg/config/config_test.go", "Go", 0, 0, 0, 0, 0, 36, 0, 0, 0, 0, 0, 0, 0, 0, 0, 0, 0, 0, 0, 0, 0, 0, 3, 8, 47
"/home/sachin-kumar/Desktop/coding/1/pkg/errors/errors.go", "Go", 0, 0, 0, 0, 0, 52, 0, 0, 0, 0, 0, 0, 0, 0, 0, 0, 0, 0, 0, 0, 0, 0, 5, 10, 67
"/home/sachin-kumar/Desktop/coding/1/pkg/errors/errors_test.go", "Go", 0, 0, 0, 0, 0, 35, 0, 0, 0, 0, 0, 0, 0, 0, 0, 0, 0, 0, 0, 0, 0, 0, 2, 11, 48
"/home/sachin-kumar/Desktop/coding/1/pkg/etl/pipeline.go", "Go", 0, 0, 0, 0, 0, 64, 0, 0, 0, 0, 0, 0, 0, 0, 0, 0, 0, 0, 0, 0, 0, 0, 8, 17, 89
"/home/sachin-kumar/Desktop/coding/1/pkg/etl/workers.go", "Go", 0, 0, 0, 0, 0, 46, 0, 0, 0, 0, 0, 0, 0, 0, 0, 0, 0, 0, 0, 0, 0, 0, 3, 11, 60
"/home/sachin-kumar/Desktop/coding/1/pkg/finance/backtester.go", "Go", 0, 0, 0, 0, 0, 268, 0, 0, 0, 0, 0, 0, 0, 0, 0, 0, 0, 0, 0, 0, 0, 0, 37, 61, 366
"/home/sachin-kumar/Desktop/coding/1/pkg/finance/brokerage/broker.go", "Go", 0, 0, 0, 0, 0, 40, 0, 0, 0, 0, 0, 0, 0, 0, 0, 0, 0, 0, 0, 0, 0, 0, 10, 13, 63
"/home/sachin-kumar/Desktop/coding/1/pkg/finance/brokerage/mock.go", "Go", 0, 0, 0, 0, 0, 132, 0, 0, 0, 0, 0, 0, 0, 0, 0, 0, 0, 0, 0, 0, 0, 0, 7, 27, 166
"/home/sachin-kumar/Desktop/coding/1/pkg/finance/brokerage/zerodha.go", "Go", 0, 0, 0, 0, 0, 43, 0, 0, 0, 0, 0, 0, 0, 0, 0, 0, 0, 0, 0, 0, 0, 0, 10, 17, 70
"/home/sachin-kumar/Desktop/coding/1/pkg/finance/correlation.go", "Go", 0, 0, 0, 0, 0, 127, 0, 0, 0, 0, 0, 0, 0, 0, 0, 0, 0, 0, 0, 0, 0, 0, 20, 32, 179
"/home/sachin-kumar/Desktop/coding/1/pkg/finance/indicators.go", "Go", 0, 0, 0, 0, 0, 298, 0, 0, 0, 0, 0, 0, 0, 0, 0, 0, 0, 0, 0, 0, 0, 0, 32, 52, 382
"/home/sachin-kumar/Desktop/coding/1/pkg/finance/models.go", "Go", 0, 0, 0, 0, 0, 469, 0, 0, 0, 0, 0, 0, 0, 0, 0, 0, 0, 0, 0, 0, 0, 0, 84, 68, 621
"/home/sachin-kumar/Desktop/coding/1/pkg/finance/news/rss.go", "Go", 0, 0, 0, 0, 0, 143, 0, 0, 0, 0, 0, 0, 0, 0, 0, 0, 0, 0, 0, 0, 0, 0, 15, 31, 189
"/home/sachin-kumar/Desktop/coding/1/pkg/finance/patterns.go", "Go", 0, 0, 0, 0, 0, 158, 0, 0, 0, 0, 0, 0, 0, 0, 0, 0, 0, 0, 0, 0, 0, 0, 18, 29, 205
"/home/sachin-kumar/Desktop/coding/1/pkg/finance/portfolio.go", "Go", 0, 0, 0, 0, 0, 206, 0, 0, 0, 0, 0, 0, 0, 0, 0, 0, 0, 0, 0, 0, 0, 0, 27, 27, 260
"/home/sachin-kumar/Desktop/coding/1/pkg/finance/predictions.go", "Go", 0, 0, 0, 0, 0, 171, 0, 0, 0, 0, 0, 0, 0, 0, 0, 0, 0, 0, 0, 0, 0, 0, 21, 37, 229
"/home/sachin-kumar/Desktop/coding/1/pkg/finance/scanner.go", "Go", 0, 0, 0, 0, 0, 225, 0, 0, 0, 0, 0, 0, 0, 0, 0, 0, 0, 0, 0, 0, 0, 0, 25, 38, 288
"/home/sachin-kumar/Desktop/coding/1/pkg/finance/sentiment_fundamentals.go", "Go", 0, 0, 0, 0, 0, 59, 0, 0, 0, 0, 0, 0, 0, 0, 0, 0, 0, 0, 0, 0, 0, 0, 4, 16, 79
"/home/sachin-kumar/Desktop/coding/1/pkg/finance/signals.go", "Go", 0, 0, 0, 0, 0, 207, 0, 0, 0, 0, 0, 0, 0, 0, 0, 0, 0, 0, 0, 0, 0, 0, 19, 26, 252
"/home/sachin-kumar/Desktop/coding/1/pkg/finance/statistics.go", "Go", 0, 0, 0, 0, 0, 156, 0, 0, 0, 0, 0, 0, 0, 0, 0, 0, 0, 0, 0, 0, 0, 0, 17, 40, 213
"/home/sachin-kumar/Desktop/coding/1/pkg/finance/trader/engine.go", "Go", 0, 0, 0, 0, 0, 178, 0, 0, 0, 0, 0, 0, 0, 0, 0, 0, 0, 0, 0, 0, 0, 0, 21, 41, 240
"/home/sachin-kumar/Desktop/coding/1/pkg/finance/volatility.go", "Go", 0, 0, 0, 0, 0, 157, 0, 0, 0, 0, 0, 0, 0, 0, 0, 0, 0, 0, 0, 0, 0, 0, 33, 39, 229
"/home/sachin-kumar/Desktop/coding/1/pkg/fleet/scheduler.go", "Go", 0, 0, 0, 0, 0, 44, 0, 0, 0, 0, 0, 0, 0, 0, 0, 0, 0, 0, 0, 0, 0, 0, 7, 11, 62
"/home/sachin-kumar/Desktop/coding/1/pkg/fleet/scheduler_test.go", "Go", 0, 0, 0, 0, 0, 19, 0, 0, 0, 0, 0, 0, 0, 0, 0, 0, 0, 0, 0, 0, 0, 0, 3, 9, 31
"/home/sachin-kumar/Desktop/coding/1/pkg/logger/logger.go", "Go", 0, 0, 0, 0, 0, 78, 0, 0, 0, 0, 0, 0, 0, 0, 0, 0, 0, 0, 0, 0, 0, 0, 8, 15, 101
"/home/sachin-kumar/Desktop/coding/1/pkg/logger/logger_test.go", "Go", 0, 0, 0, 0, 0, 25, 0, 0, 0, 0, 0, 0, 0, 0, 0, 0, 0, 0, 0, 0, 0, 0, 3, 6, 34
"/home/sachin-kumar/Desktop/coding/1/pkg/math_core/client.go", "Go", 0, 0, 0, 0, 0, 52, 0, 0, 0, 0, 0, 0, 0, 0, 0, 0, 0, 0, 0, 0, 0, 0, 0, 11, 63
"/home/sachin-kumar/Desktop/coding/1/pkg/metrics/metrics.go", "Go", 0, 0, 0, 0, 0, 29, 0, 0, 0, 0, 0, 0, 0, 0, 0, 0, 0, 0, 0, 0, 0, 0, 6, 8, 43
"/home/sachin-kumar/Desktop/coding/1/pkg/metrics/metrics_test.go", "Go", 0, 0, 0, 0, 0, 18, 0, 0, 0, 0, 0, 0, 0, 0, 0, 0, 0, 0, 0, 0, 0, 0, 3, 6, 27
"/home/sachin-kumar/Desktop/coding/1/pkg/p2p/discovery.go", "Go", 0, 0, 0, 0, 0, 119, 0, 0, 0, 0, 0, 0, 0, 0, 0, 0, 0, 0, 0, 0, 0, 0, 6, 21, 146
"/home/sachin-kumar/Desktop/coding/1/pkg/p2p/gossip.go", "Go", 0, 0, 0, 0, 0, 141, 0, 0, 0, 0, 0, 0, 0, 0, 0, 0, 0, 0, 0, 0, 0, 0, 13, 30, 184
"/home/sachin-kumar/Desktop/coding/1/pkg/persistence/manager.go", "Go", 0, 0, 0, 0, 0, 66, 0, 0, 0, 0, 0, 0, 0, 0, 0, 0, 0, 0, 0, 0, 0, 0, 8, 14, 88
"/home/sachin-kumar/Desktop/coding/1/pkg/plugins/plugin.go", "Go", 0, 0, 0, 0, 0, 60, 0, 0, 0, 0, 0, 0, 0, 0, 0, 0, 0, 0, 0, 0, 0, 0, 7, 15, 82
"/home/sachin-kumar/Desktop/coding/1/pkg/plugins/registry_test.go", "Go", 0, 0, 0, 0, 0, 37, 0, 0, 0, 0, 0, 0, 0, 0, 0, 0, 0, 0, 0, 0, 0, 0, 3, 11, 51
"/home/sachin-kumar/Desktop/coding/1/pkg/reflex/reflex.go", "Go", 0, 0, 0, 0, 0, 133, 0, 0, 0, 0, 0, 0, 0, 0, 0, 0, 0, 0, 0, 0, 0, 0, 13, 29, 175
"/home/sachin-kumar/Desktop/coding/1/pkg/reflex/reflex_test.go", "Go", 0, 0, 0, 0, 0, 85, 0, 0, 0, 0, 0, 0, 0, 0, 0, 0, 0, 0, 0, 0, 0, 0, 0, 21, 106
"/home/sachin-kumar/Desktop/coding/1/pkg/retrieval/retrieval.go", "Go", 0, 0, 0, 0, 0, 65, 0, 0, 0, 0, 0, 0, 0, 0, 0, 0, 0, 0, 0, 0, 0, 0, 8, 16, 89
"/home/sachin-kumar/Desktop/coding/1/pkg/retrieval/retrieval_test.go", "Go", 0, 0, 0, 0, 0, 34, 0, 0, 0, 0, 0, 0, 0, 0, 0, 0, 0, 0, 0, 0, 0, 0, 1, 10, 45
"/home/sachin-kumar/Desktop/coding/1/pkg/sandbox/manager.go", "Go", 0, 0, 0, 0, 0, 55, 0, 0, 0, 0, 0, 0, 0, 0, 0, 0, 0, 0, 0, 0, 0, 0, 5, 15, 75
"/home/sachin-kumar/Desktop/coding/1/pkg/sandbox/manager_test.go", "Go", 0, 0, 0, 0, 0, 22, 0, 0, 0, 0, 0, 0, 0, 0, 0, 0, 0, 0, 0, 0, 0, 0, 3, 8, 33
"/home/sachin-kumar/Desktop/coding/1/pkg/security/security.go", "Go", 0, 0, 0, 0, 0, 68, 0, 0, 0, 0, 0, 0, 0, 0, 0, 0, 0, 0, 0, 0, 0, 0, 11, 18, 97
"/home/sachin-kumar/Desktop/coding/1/pkg/security/security_test.go", "Go", 0, 0, 0, 0, 0, 40, 0, 0, 0, 0, 0, 0, 0, 0, 0, 0, 0, 0, 0, 0, 0, 0, 5, 11, 56
"/home/sachin-kumar/Desktop/coding/1/pkg/sensory/audio.go", "Go", 0, 0, 0, 0, 0, 42, 0, 0, 0, 0, 0, 0, 0, 0, 0, 0, 0, 0, 0, 0, 0, 0, 8, 12, 62
"/home/sachin-kumar/Desktop/coding/1/pkg/sensory/sensory_test.go", "Go", 0, 0, 0, 0, 0, 37, 0, 0, 0, 0, 0, 0, 0, 0, 0, 0, 0, 0, 0, 0, 0, 0, 5, 11, 53
"/home/sachin-kumar/Desktop/coding/1/pkg/sensory/vision.go", "Go", 0, 0, 0, 0, 0, 49, 0, 0, 0, 0, 0, 0, 0, 0, 0, 0, 0, 0, 0, 0, 0, 0, 8, 13, 70
"/home/sachin-kumar/Desktop/coding/1/pkg/sync/sync.go", "Go", 0, 0, 0, 0, 0, 39, 0, 0, 0, 0, 0, 0, 0, 0, 0, 0, 0, 0, 0, 0, 0, 0, 12, 10, 61
"/home/sachin-kumar/Desktop/coding/1/pkg/vector/vector.go", "Go", 0, 0, 0, 0, 0, 89, 0, 0, 0, 0, 0, 0, 0, 0, 0, 0, 0, 0, 0, 0, 0, 0, 10, 23, 122
"/home/sachin-kumar/Desktop/coding/1/pkg/vector/vector_test.go", "Go", 0, 0, 0, 0, 0, 50, 0, 0, 0, 0, 0, 0, 0, 0, 0, 0, 0, 0, 0, 0, 0, 0, 0, 12, 62
"/home/sachin-kumar/Desktop/coding/1/requirements.txt", "pip requirements", 0, 0, 0, 0, 0, 0, 0, 0, 29, 0, 0, 0, 0, 0, 0, 0, 0, 0, 0, 0, 0, 0, 11, 10, 50
"/home/sachin-kumar/Desktop/coding/1/scripts/build_wasm.sh", "Shell Script", 0, 0, 0, 0, 0, 0, 95, 0, 0, 0, 0, 0, 0, 0, 0, 0, 0, 0, 0, 0, 0, 0, 9, 15, 119
"/home/sachin-kumar/Desktop/coding/1/scripts/distributed_train.py", "Python", 0, 0, 0, 0, 184, 0, 0, 0, 0, 0, 0, 0, 0, 0, 0, 0, 0, 0, 0, 0, 0, 0, 12, 25, 221
"/home/sachin-kumar/Desktop/coding/1/scripts/download_datasets.py", "Python", 0, 0, 0, 0, 140, 0, 0, 0, 0, 0, 0, 0, 0, 0, 0, 0, 0, 0, 0, 0, 0, 0, 10, 40, 190
"/home/sachin-kumar/Desktop/coding/1/scripts/eval.py", "Python", 0, 0, 0, 0, 215, 0, 0, 0, 0, 0, 0, 0, 0, 0, 0, 0, 0, 0, 0, 0, 0, 0, 20, 75, 310
"/home/sachin-kumar/Desktop/coding/1/scripts/finetune.py", "Python", 0, 0, 0, 0, 221, 0, 0, 0, 0, 0, 0, 0, 0, 0, 0, 0, 0, 0, 0, 0, 0, 0, 22, 54, 297
"/home/sachin-kumar/Desktop/coding/1/scripts/launch.sh", "Shell Script", 0, 0, 0, 0, 0, 0, 132, 0, 0, 0, 0, 0, 0, 0, 0, 0, 0, 0, 0, 0, 0, 0, 22, 36, 190
"/home/sachin-kumar/Desktop/coding/1/scripts/simulate_fleet.sh", "Shell Script", 0, 0, 0, 0, 0, 0, 41, 0, 0, 0, 0, 0, 0, 0, 0, 0, 0, 0, 0, 0, 0, 0, 12, 16, 69
"/home/sachin-kumar/Desktop/coding/1/web/DESIGN_SYSTEM.md", "Markdown", 38, 0, 0, 0, 0, 0, 0, 0, 0, 0, 0, 0, 0, 0, 0, 0, 0, 0, 0, 0, 0, 0, 0, 12, 50
"/home/sachin-kumar/Desktop/coding/1/web/README.md", "Markdown", 32, 0, 0, 0, 0, 0, 0, 0, 0, 0, 0, 0, 0, 0, 0, 0, 0, 0, 0, 0, 0, 0, 0, 11, 43
"/home/sachin-kumar/Desktop/coding/1/web/admin.html", "HTML", 0, 0, 0, 0, 0, 0, 0, 0, 0, 0, 0, 0, 0, 137, 0, 0, 0, 0, 0, 0, 0, 0, 0, 10, 147
"/home/sachin-kumar/Desktop/coding/1/web/admin/README.md", "Markdown", 9, 0, 0, 0, 0, 0, 0, 0, 0, 0, 0, 0, 0, 0, 0, 0, 0, 0, 0, 0, 0, 0, 0, 8, 17
"/home/sachin-kumar/Desktop/coding/1/web/admin/eslint.config.js", "JavaScript", 0, 0, 0, 0, 0, 0, 0, 0, 0, 0, 0, 0, 0, 0, 0, 0, 0, 28, 0, 0, 0, 0, 0, 2, 30
"/home/sachin-kumar/Desktop/coding/1/web/admin/index.html", "HTML", 0, 0, 0, 0, 0, 0, 0, 0, 0, 0, 0, 0, 0, 13, 0, 0, 0, 0, 0, 0, 0, 0, 0, 1, 14
"/home/sachin-kumar/Desktop/coding/1/web/admin/package-lock.json", "JSON", 0, 0, 0, 0, 0, 0, 0, 0, 0, 0, 0, 0, 0, 0, 0, 3103, 0, 0, 0, 0, 0, 0, 0, 1, 3104
"/home/sachin-kumar/Desktop/coding/1/web/admin/package.json", "JSON", 0, 0, 0, 0, 0, 0, 0, 0, 0, 0, 0, 0, 0, 0, 0, 32, 0, 0, 0, 0, 0, 0, 0, 1, 33
"/home/sachin-kumar/Desktop/coding/1/web/admin/public/favicon.svg", "XML", 0, 0, 0, 0, 0, 0, 0, 0, 0, 0, 0, 0, 0, 0, 1, 0, 0, 0, 0, 0, 0, 0, 0, 0, 1
"/home/sachin-kumar/Desktop/coding/1/web/admin/public/icons.svg", "XML", 0, 0, 0, 0, 0, 0, 0, 0, 0, 0, 0, 0, 0, 0, 24, 0, 0, 0, 0, 0, 0, 0, 0, 1, 25
"/home/sachin-kumar/Desktop/coding/1/web/admin/src/App.css", "CSS", 0, 0, 0, 0, 0, 0, 0, 0, 0, 0, 0, 0, 158, 0, 0, 0, 0, 0, 0, 0, 0, 0, 0, 27, 185
"/home/sachin-kumar/Desktop/coding/1/web/admin/src/App.jsx", "JavaScript JSX", 0, 0, 0, 0, 0, 0, 0, 0, 0, 0, 0, 191, 0, 0, 0, 0, 0, 0, 0, 0, 0, 0, 6, 18, 215
"/home/sachin-kumar/Desktop/coding/1/web/admin/src/assets/react.svg", "XML", 0, 0, 0, 0, 0, 0, 0, 0, 0, 0, 0, 0, 0, 0, 1, 0, 0, 0, 0, 0, 0, 0, 0, 0, 1
"/home/sachin-kumar/Desktop/coding/1/web/admin/src/assets/vite.svg", "XML", 0, 0, 0, 0, 0, 0, 0, 0, 0, 0, 0, 0, 0, 0, 1, 0, 0, 0, 0, 0, 0, 0, 0, 1, 2
"/home/sachin-kumar/Desktop/coding/1/web/admin/src/index.css", "CSS", 0, 0, 0, 0, 0, 0, 0, 0, 0, 0, 0, 0, 179, 0, 0, 0, 0, 0, 0, 0, 0, 0, 0, 28, 207
"/home/sachin-kumar/Desktop/coding/1/web/admin/src/main.jsx", "JavaScript JSX", 0, 0, 0, 0, 0, 0, 0, 0, 0, 0, 0, 9, 0, 0, 0, 0, 0, 0, 0, 0, 0, 0, 0, 2, 11
"/home/sachin-kumar/Desktop/coding/1/web/admin/vite.config.js", "JavaScript", 0, 0, 0, 0, 0, 0, 0, 0, 0, 0, 0, 0, 0, 0, 0, 0, 0, 5, 0, 0, 0, 0, 1, 2, 8
"/home/sachin-kumar/Desktop/coding/1/web/chat.html", "HTML", 0, 0, 0, 0, 0, 0, 0, 0, 0, 0, 0, 0, 0, 216, 0, 0, 0, 0, 0, 0, 0, 0, 0, 12, 228
"/home/sachin-kumar/Desktop/coding/1/web/chat.js", "JavaScript", 0, 0, 0, 0, 0, 0, 0, 0, 0, 0, 0, 0, 0, 0, 0, 0, 0, 353, 0, 0, 0, 0, 16, 37, 406
"/home/sachin-kumar/Desktop/coding/1/web/command-center.html", "HTML", 0, 0, 0, 0, 0, 0, 0, 0, 0, 0, 0, 0, 0, 685, 0, 0, 0, 0, 0, 0, 0, 0, 0, 100, 785
"/home/sachin-kumar/Desktop/coding/1/web/css/admin_premium.css", "CSS", 0, 0, 0, 0, 0, 0, 0, 0, 0, 0, 0, 0, 147, 0, 0, 0, 0, 0, 0, 0, 0, 0, 0, 22, 169
"/home/sachin-kumar/Desktop/coding/1/web/index-pro.html", "HTML", 0, 0, 0, 0, 0, 0, 0, 0, 0, 0, 0, 0, 0, 312, 0, 0, 0, 0, 0, 0, 0, 0, 0, 42, 354
"/home/sachin-kumar/Desktop/coding/1/web/index.html", "HTML", 0, 0, 0, 0, 0, 0, 0, 0, 0, 0, 0, 0, 0, 505, 0, 0, 0, 0, 0, 0, 0, 0, 0, 39, 544
"/home/sachin-kumar/Desktop/coding/1/web/js/admin.js", "JavaScript", 0, 0, 0, 0, 0, 0, 0, 0, 0, 0, 0, 0, 0, 0, 0, 0, 0, 49, 0, 0, 0, 0, 9, 11, 69
"/home/sachin-kumar/Desktop/coding/1/web/package-lock.json", "JSON", 0, 0, 0, 0, 0, 0, 0, 0, 0, 0, 0, 0, 0, 0, 0, 5542, 0, 0, 0, 0, 0, 0, 0, 1, 5543
"/home/sachin-kumar/Desktop/coding/1/web/package.json", "JSON", 0, 0, 0, 0, 0, 0, 0, 0, 0, 0, 0, 0, 0, 0, 0, 28, 0, 0, 0, 0, 0, 0, 0, 1, 29
"/home/sachin-kumar/Desktop/coding/1/web/src/admin/WindowManager.js", "JavaScript", 0, 0, 0, 0, 0, 0, 0, 0, 0, 0, 0, 0, 0, 0, 0, 0, 0, 100, 0, 0, 0, 0, 2, 15, 117
"/home/sachin-kumar/Desktop/coding/1/web/src/admin/dashboard.ts", "TypeScript", 0, 0, 0, 0, 0, 0, 0, 0, 0, 0, 0, 0, 0, 0, 0, 0, 0, 0, 0, 0, 57, 0, 0, 8, 65
"/home/sachin-kumar/Desktop/coding/1/web/src/admin/desktop.css", "CSS", 0, 0, 0, 0, 0, 0, 0, 0, 0, 0, 0, 0, 141, 0, 0, 0, 0, 0, 0, 0, 0, 0, 0, 20, 161
"/home/sachin-kumar/Desktop/coding/1/web/src/admin/desktop.html", "HTML", 0, 0, 0, 0, 0, 0, 0, 0, 0, 0, 0, 0, 0, 247, 0, 0, 0, 0, 0, 0, 0, 0, 0, 20, 267
"/home/sachin-kumar/Desktop/coding/1/web/src/admin/export.ts", "TypeScript", 0, 0, 0, 0, 0, 0, 0, 0, 0, 0, 0, 0, 0, 0, 0, 0, 0, 0, 0, 0, 31, 0, 0, 7, 38
"/home/sachin-kumar/Desktop/coding/1/web/src/admin/fleet-matrix.ts", "TypeScript", 0, 0, 0, 0, 0, 0, 0, 0, 0, 0, 0, 0, 0, 0, 0, 0, 0, 0, 0, 0, 73, 0, 1, 14, 88
"/home/sachin-kumar/Desktop/coding/1/web/src/admin/reasoning-visualizer.ts", "TypeScript", 0, 0, 0, 0, 0, 0, 0, 0, 0, 0, 0, 0, 0, 0, 0, 0, 0, 0, 0, 0, 92, 0, 3, 19, 114
"/home/sachin-kumar/Desktop/coding/1/web/src/admin/reflex-monitor.ts", "TypeScript", 0, 0, 0, 0, 0, 0, 0, 0, 0, 0, 0, 0, 0, 0, 0, 0, 0, 0, 0, 0, 52, 0, 0, 8, 60
"/home/sachin-kumar/Desktop/coding/1/web/src/chat-simple.html", "HTML", 0, 0, 0, 0, 0, 0, 0, 0, 0, 0, 0, 0, 0, 359, 0, 0, 0, 0, 0, 0, 0, 0, 0, 46, 405
"/home/sachin-kumar/Desktop/coding/1/web/src/chat.html", "HTML", 0, 0, 0, 0, 0, 0, 0, 0, 0, 0, 0, 0, 0, 106, 0, 0, 0, 0, 0, 0, 0, 0, 0, 10, 116
"/home/sachin-kumar/Desktop/coding/1/web/src/chat.ts", "TypeScript", 0, 0, 0, 0, 0, 0, 0, 0, 0, 0, 0, 0, 0, 0, 0, 0, 0, 0, 0, 0, 90, 0, 0, 17, 107
"/home/sachin-kumar/Desktop/coding/1/web/src/css/chat.css", "CSS", 0, 0, 0, 0, 0, 0, 0, 0, 0, 0, 0, 0, 638, 0, 0, 0, 0, 0, 0, 0, 0, 0, 0, 86, 724
"/home/sachin-kumar/Desktop/coding/1/web/src/css/cursor.css", "CSS", 0, 0, 0, 0, 0, 0, 0, 0, 0, 0, 0, 0, 116, 0, 0, 0, 0, 0, 0, 0, 0, 0, 0, 17, 133
"/home/sachin-kumar/Desktop/coding/1/web/src/css/finance.css", "CSS", 0, 0, 0, 0, 0, 0, 0, 0, 0, 0, 0, 0, 283, 0, 0, 0, 0, 0, 0, 0, 0, 0, 0, 49, 332
"/home/sachin-kumar/Desktop/coding/1/web/src/css/finance_premium.css", "CSS", 0, 0, 0, 0, 0, 0, 0, 0, 0, 0, 0, 0, 242, 0, 0, 0, 0, 0, 0, 0, 0, 0, 0, 39, 281
"/home/sachin-kumar/Desktop/coding/1/web/src/css/login.css", "CSS", 0, 0, 0, 0, 0, 0, 0, 0, 0, 0, 0, 0, 126, 0, 0, 0, 0, 0, 0, 0, 0, 0, 0, 18, 144
"/home/sachin-kumar/Desktop/coding/1/web/src/css/settings.css", "CSS", 0, 0, 0, 0, 0, 0, 0, 0, 0, 0, 0, 0, 198, 0, 0, 0, 0, 0, 0, 0, 0, 0, 0, 26, 224
"/home/sachin-kumar/Desktop/coding/1/web/src/css/style.css", "CSS", 0, 0, 0, 0, 0, 0, 0, 0, 0, 0, 0, 0, 775, 0, 0, 0, 0, 0, 0, 0, 0, 0, 0, 102, 877
"/home/sachin-kumar/Desktop/coding/1/web/src/finance-pro.html", "HTML", 0, 0, 0, 0, 0, 0, 0, 0, 0, 0, 0, 0, 0, 614, 0, 0, 0, 0, 0, 0, 0, 0, 0, 82, 696
"/home/sachin-kumar/Desktop/coding/1/web/src/finance.html", "HTML", 0, 0, 0, 0, 0, 0, 0, 0, 0, 0, 0, 0, 0, 179, 0, 0, 0, 0, 0, 0, 0, 0, 0, 16, 195
"/home/sachin-kumar/Desktop/coding/1/web/src/finance.ts", "TypeScript", 0, 0, 0, 0, 0, 0, 0, 0, 0, 0, 0, 0, 0, 0, 0, 0, 0, 0, 0, 0, 71, 0, 0, 11, 82
"/home/sachin-kumar/Desktop/coding/1/web/src/index.html", "HTML", 0, 0, 0, 0, 0, 0, 0, 0, 0, 0, 0, 0, 0, 498, 0, 0, 0, 0, 0, 0, 0, 0, 0, 39, 537
"/home/sachin-kumar/Desktop/coding/1/web/src/js/chat-simple.js", "JavaScript", 0, 0, 0, 0, 0, 0, 0, 0, 0, 0, 0, 0, 0, 0, 0, 0, 0, 148, 0, 0, 0, 0, 2, 26, 176
"/home/sachin-kumar/Desktop/coding/1/web/src/js/chat.js", "JavaScript", 0, 0, 0, 0, 0, 0, 0, 0, 0, 0, 0, 0, 0, 0, 0, 0, 0, 565, 0, 0, 0, 0, 43, 121, 729
"/home/sachin-kumar/Desktop/coding/1/web/src/js/core/Cursor.js", "JavaScript", 0, 0, 0, 0, 0, 0, 0, 0, 0, 0, 0, 0, 0, 0, 0, 0, 0, 88, 0, 0, 0, 0, 6, 20, 114
"/home/sachin-kumar/Desktop/coding/1/web/src/js/core/Engine.js", "JavaScript", 0, 0, 0, 0, 0, 0, 0, 0, 0, 0, 0, 0, 0, 0, 0, 0, 0, 93, 0, 0, 0, 0, 5, 26, 124
"/home/sachin-kumar/Desktop/coding/1/web/src/js/core/Tower.js", "JavaScript", 0, 0, 0, 0, 0, 0, 0, 0, 0, 0, 0, 0, 0, 0, 0, 0, 0, 257, 0, 0, 0, 0, 12, 36, 305
"/home/sachin-kumar/Desktop/coding/1/web/src/js/finance.js", "JavaScript", 0, 0, 0, 0, 0, 0, 0, 0, 0, 0, 0, 0, 0, 0, 0, 0, 0, 368, 0, 0, 0, 0, 30, 64, 462
"/home/sachin-kumar/Desktop/coding/1/web/src/js/login.js", "JavaScript", 0, 0, 0, 0, 0, 0, 0, 0, 0, 0, 0, 0, 0, 0, 0, 0, 0, 98, 0, 0, 0, 0, 4, 19, 121
"/home/sachin-kumar/Desktop/coding/1/web/src/js/script.js", "JavaScript", 0, 0, 0, 0, 0, 0, 0, 0, 0, 0, 0, 0, 0, 0, 0, 0, 0, 44, 0, 0, 0, 0, 7, 9, 60
"/home/sachin-kumar/Desktop/coding/1/web/src/js/settings.js", "JavaScript", 0, 0, 0, 0, 0, 0, 0, 0, 0, 0, 0, 0, 0, 0, 0, 0, 0, 184, 0, 0, 0, 0, 8, 24, 216
"/home/sachin-kumar/Desktop/coding/1/web/src/login.ts", "TypeScript", 0, 0, 0, 0, 0, 0, 0, 0, 0, 0, 0, 0, 0, 0, 0, 0, 0, 0, 0, 0, 76, 0, 4, 18, 98
"/home/sachin-kumar/Desktop/coding/1/web/src/settings.ts", "TypeScript", 0, 0, 0, 0, 0, 0, 0, 0, 0, 0, 0, 0, 0, 0, 0, 0, 0, 0, 0, 0, 54, 0, 3, 14, 71
"/home/sachin-kumar/Desktop/coding/1/web/src/styles/components.css", "CSS", 0, 0, 0, 0, 0, 0, 0, 0, 0, 0, 0, 0, 113, 0, 0, 0, 0, 0, 0, 0, 0, 0, 0, 17, 130
"/home/sachin-kumar/Desktop/coding/1/web/src/styles/tokens.css", "CSS", 0, 0, 0, 0, 0, 0, 0, 0, 0, 0, 0, 0, 47, 0, 0, 0, 0, 0, 0, 0, 0, 0, 0, 13, 60
"/home/sachin-kumar/Desktop/coding/1/web/status.html", "HTML", 0, 0, 0, 0, 0, 0, 0, 0, 0, 0, 0, 0, 0, 283, 0, 0, 0, 0, 0, 0, 0, 0, 0, 47, 330
"/home/sachin-kumar/Desktop/coding/1/web/style.css", "CSS", 0, 0, 0, 0, 0, 0, 0, 0, 0, 0, 0, 0, 188, 0, 0, 0, 0, 0, 0, 0, 0, 0, 0, 28, 216
"/home/sachin-kumar/Desktop/coding/1/web/tsconfig.json", "JSON with Comments", 0, 0, 0, 0, 0, 0, 0, 0, 0, 0, 0, 0, 0, 0, 0, 0, 0, 0, 0, 0, 0, 23, 0, 3, 26
"/home/sachin-kumar/Desktop/coding/1/web/vite.config.ts", "TypeScript", 0, 0, 0, 0, 0, 0, 0, 0, 0, 0, 0, 0, 0, 0, 0, 0, 0, 0, 0, 0, 27, 0, 0, 2, 29
"/home/sachin-kumar/Desktop/coding/1/web/web.go", "Go", 0, 0, 0, 0, 0, 3, 0, 0, 0, 0, 0, 0, 0, 0, 0, 0, 0, 0, 0, 0, 0, 0, 2, 3, 8
"Total", "-", 282, 183, 153, 5132, 2695, 11987, 675, 42, 48, 632, 35692, 200, 3351, 4236, 27, 8737, 300, 2380, 53, 350, 623, 23, 4757, 12591, 95149