"filename", "language", "Markdown", "YAML", "Go", "Shell Script", "Go Module File", "Python", "pip requirements", "C++", "Makefile", "CMake", "CMake Cache", "JavaScript", "CSS", "HTML", "TypeScript", "Docker", "Go Checksum File", "comment", "blank", "total"
"/home/sachin-kumar/Desktop/coding/1/.github/workflows/ci.yml", "YAML", 0, 40, 0, 0, 0, 0, 0, 0, 0, 0, 0, 0, 0, 0, 0, 0, 0, 0, 10, 50
"/home/sachin-kumar/Desktop/coding/1/.github/workflows/deploy.yml", "YAML", 0, 56, 0, 0, 0, 0, 0, 0, 0, 0, 0, 0, 0, 0, 0, 0, 0, 0, 12, 68
"/home/sachin-kumar/Desktop/coding/1/DEPENDENCIES.md", "Markdown", 18, 0, 0, 0, 0, 0, 0, 0, 0, 0, 0, 0, 0, 0, 0, 0, 0, 0, 6, 24
"/home/sachin-kumar/Desktop/coding/1/Engine.js", "JavaScript", 0, 0, 0, 0, 0, 0, 0, 0, 0, 0, 0, -65, 0, 0, 0, 0, 0, -1, -20, -86
"/home/sachin-kumar/Desktop/coding/1/Makefile", "Makefile", 0, 0, 0, 0, 0, 0, 0, 0, 43, 0, 0, 0, 0, 0, 0, 0, 0, 0, 5, 48
"/home/sachin-kumar/Desktop/coding/1/README.md", "Markdown", 61, 0, 0, 0, 0, 0, 0, 0, 0, 0, 0, 0, 0, 0, 0, 0, 0, 0, 26, 87
"/home/sachin-kumar/Desktop/coding/1/Tower.js", "JavaScript", 0, 0, 0, 0, 0, 0, 0, 0, 0, 0, 0, -198, 0, 0, 0, 0, 0, -11, -33, -242
"/home/sachin-kumar/Desktop/coding/1/build/CMakeCache.txt", "CMake Cache", 0, 0, 0, 0, 0, 0, 0, 0, 0, 0, 278, 0, 0, 0, 0, 0, 0, 0, 60, 338
"/home/sachin-kumar/Desktop/coding/1/build/CMakeFiles/3.28.3/CMakeCXXCompiler.cmake", "CMake", 0, 0, 0, 0, 0, 0, 0, 0, 0, 66, 0, 0, 0, 0, 0, 0, 0, 0, 20, 86
"/home/sachin-kumar/Desktop/coding/1/build/CMakeFiles/3.28.3/CMakeSystem.cmake", "CMake", 0, 0, 0, 0, 0, 0, 0, 0, 0, 10, 0, 0, 0, 0, 0, 0, 0, 0, 6, 16
"/home/sachin-kumar/Desktop/coding/1/build/CMakeFiles/3.28.3/CompilerIdCXX/CMakeCXXCompilerId.cpp", "C++", 0, 0, 0, 0, 0, 0, 0, 722, 0, 0, 0, 0, 0, 0, 0, 0, 0, 0, 148, 870
"/home/sachin-kumar/Desktop/coding/1/build/CMakeFiles/CMakeConfigureLog.yaml", "YAML", 0, 261, 0, 0, 0, 0, 0, 0, 0, 0, 0, 0, 0, 0, 0, 0, 0, 2, 14, 277
"/home/sachin-kumar/Desktop/coding/1/build/CMakeFiles/CMakeDirectoryInformation.cmake", "CMake", 0, 0, 0, 0, 0, 0, 0, 0, 0, 12, 0, 0, 0, 0, 0, 0, 0, 0, 5, 17
"/home/sachin-kumar/Desktop/coding/1/build/CMakeFiles/Makefile.cmake", "CMake", 0, 0, 0, 0, 0, 0, 0, 0, 0, 39, 0, 0, 0, 0, 0, 0, 0, 0, 6, 45
"/home/sachin-kumar/Desktop/coding/1/build/CMakeFiles/titan_static.dir/DependInfo.cmake", "CMake", 0, 0, 0, 0, 0, 0, 0, 0, 0, 19, 0, 0, 0, 0, 0, 0, 0, 0, 7, 26
"/home/sachin-kumar/Desktop/coding/1/build/CMakeFiles/titan_static.dir/cmake_clean.cmake", "CMake", 0, 0, 0, 0, 0, 0, 0, 0, 0, 14, 0, 0, 0, 0, 0, 0, 0, 0, 2, 16
"/home/sachin-kumar/Desktop/coding/1/build/CMakeFiles/titan_static.dir/cmake_clean_target.cmake", "CMake", 0, 0, 0, 0, 0, 0, 0, 0, 0, 3, 0, 0, 0, 0, 0, 0, 0, 0, 1, 4
"/home/sachin-kumar/Desktop/coding/1/build/CMakeFiles/titan_static.dir/compiler_depend.ts", "TypeScript", 0, 0, 0, 0, 0, 0, 0, 0, 0, 0, 0, 0, 0, 0, 2, 0, 0, 0, 1, 3
"/home/sachin-kumar/Desktop/coding/1/build/Makefile", "Makefile", 0, 0, 0, 0, 0, 0, 0, 0, 177, 0, 0, 0, 0, 0, 0, 0, 0, 0, 59, 236
"/home/sachin-kumar/Desktop/coding/1/build/cmake_install.cmake", "CMake", 0, 0, 0, 0, 0, 0, 0, 0, 0, 46, 0, 0, 0, 0, 0, 0, 0, 0, 9, 55
"/home/sachin-kumar/Desktop/coding/1/chat-simple.html", "HTML", 0, 0, 0, 0, 0, 0, 0, 0, 0, 0, 0, 0, 0, -277, 0, 0, 0, 0, -36, -313
"/home/sachin-kumar/Desktop/coding/1/chat-simple.js", "JavaScript", 0, 0, 0, 0, 0, 0, 0, 0, 0, 0, 0, -67, 0, 0, 0, 0, 0, -3, -15, -85
"/home/sachin-kumar/Desktop/coding/1/chat.css", "CSS", 0, 0, 0, 0, 0, 0, 0, 0, 0, 0, 0, 0, -276, 0, 0, 0, 0, 0, -37, -313
"/home/sachin-kumar/Desktop/coding/1/chat.html", "HTML", 0, 0, 0, 0, 0, 0, 0, 0, 0, 0, 0, 0, 0, -95, 0, 0, 0, 0, -8, -103
"/home/sachin-kumar/Desktop/coding/1/chat.js", "JavaScript", 0, 0, 0, 0, 0, 0, 0, 0, 0, 0, 0, -189, 0, 0, 0, 0, 0, -8, -44, -241
"/home/sachin-kumar/Desktop/coding/1/cmd/sovereign/main.go", "Go", 0, 0, 0, 0, 0, 0, 0, 0, 0, 0, 0, 0, 0, 0, 0, 0, 0, -9, 0, -9
"/home/sachin-kumar/Desktop/coding/1/cpp/bench/bench_inference.cpp", "C++", 0, 0, 0, 0, 0, 0, 0, 41, 0, 0, 0, 0, 0, 0, 0, 0, 0, 0, 6, 47
"/home/sachin-kumar/Desktop/coding/1/cpp/engine/titan_engine.cpp", "C++", 0, 0, 0, 0, 0, 0, 0, 143, 0, 0, 0, 0, 0, 0, 0, 0, 0, 10, 34, 187
"/home/sachin-kumar/Desktop/coding/1/cpp/engine/titan_engine.h", "C++", 0, 0, 0, 0, 0, 0, 0, 49, 0, 0, 0, 0, 0, 0, 0, 0, 0, 7, 15, 71
"/home/sachin-kumar/Desktop/coding/1/cpp/finance/Makefile", "Makefile", 0, 0, 0, 0, 0, 0, 0, 0, 18, 0, 0, 0, 0, 0, 0, 0, 0, 0, 9, 27
"/home/sachin-kumar/Desktop/coding/1/cpp/finance/backtester.hpp", "C++", 0, 0, 0, 0, 0, 0, 0, 225, 0, 0, 0, 0, 0, 0, 0, 0, 0, 22, 39, 286
"/home/sachin-kumar/Desktop/coding/1/cpp/finance/engine.hpp", "C++", 0, 0, 0, 0, 0, 0, 0, 179, 0, 0, 0, 0, 0, 0, 0, 0, 0, 17, 36, 232
"/home/sachin-kumar/Desktop/coding/1/cpp/finance/finance_engine.cpp", "C++", 0, 0, 0, 0, 0, 0, 0, 142, 0, 0, 0, 0, 0, 0, 0, 0, 0, 18, 34, 194
"/home/sachin-kumar/Desktop/coding/1/cpp/finance/fundamentals.hpp", "C++", 0, 0, 0, 0, 0, 0, 0, 82, 0, 0, 0, 0, 0, 0, 0, 0, 0, 9, 20, 111
"/home/sachin-kumar/Desktop/coding/1/cpp/finance/indicators.hpp", "C++", 0, 0, 0, 0, 0, 0, 0, 404, 0, 0, 0, 0, 0, 0, 0, 0, 0, 43, 75, 522
"/home/sachin-kumar/Desktop/coding/1/cpp/finance/math.hpp", "C++", 0, 0, 0, 0, 0, 0, 0, 185, 0, 0, 0, 0, 0, 0, 0, 0, 0, 28, 38, 251
"/home/sachin-kumar/Desktop/coding/1/cpp/finance/patterns.hpp", "C++", 0, 0, 0, 0, 0, 0, 0, 185, 0, 0, 0, 0, 0, 0, 0, 0, 0, 30, 41, 256
"/home/sachin-kumar/Desktop/coding/1/cpp/finance/predictions.hpp", "C++", 0, 0, 0, 0, 0, 0, 0, 212, 0, 0, 0, 0, 0, 0, 0, 0, 0, 36, 62, 310
"/home/sachin-kumar/Desktop/coding/1/cpp/finance/risk.hpp", "C++", 0, 0, 0, 0, 0, 0, 0, 226, 0, 0, 0, 0, 0, 0, 0, 0, 0, 30, 47, 303
"/home/sachin-kumar/Desktop/coding/1/cpp/finance/sentiment.hpp", "C++", 0, 0, 0, 0, 0, 0, 0, 95, 0, 0, 0, 0, 0, 0, 0, 0, 0, 9, 20, 124
"/home/sachin-kumar/Desktop/coding/1/cpp/finance/test_engine.cpp", "C++", 0, 0, 0, 0, 0, 0, 0, 204, 0, 0, 0, 0, 0, 0, 0, 0, 0, 26, 64, 294
"/home/sachin-kumar/Desktop/coding/1/cpp/finance/types.hpp", "C++", 0, 0, 0, 0, 0, 0, 0, 242, 0, 0, 0, 0, 0, 0, 0, 0, 0, 46, 47, 335
"/home/sachin-kumar/Desktop/coding/1/cpp/include/titan.h", "C++", 0, 0, 0, 0, 0, 0, 0, 42, 0, 0, 0, 0, 0, 0, 0, 0, 0, 0, 11, 53
"/home/sachin-kumar/Desktop/coding/1/cpp/neural/sovereign_neural_config.hpp", "C++", 0, 0, 0, 0, 0, 0, 0, 204, 0, 0, 0, 0, 0, 0, 0, 0, 0, 9, 31, 244
"/home/sachin-kumar/Desktop/coding/1/cpp/neural/sovereign_neural_layers.hpp", "C++", 0, 0, 0, 0, 0, 0, 0, 135, 0, 0, 0, 0, 0, 0, 0, 0, 0, 18, 32, 185
"/home/sachin-kumar/Desktop/coding/1/cpp/neural/sovereign_neural_mist.hpp", "C++", 0, 0, 0, 0, 0, 0, 0, 106, 0, 0, 0, 0, 0, 0, 0, 0, 0, 7, 22, 135
"/home/sachin-kumar/Desktop/coding/1/cpp/neural/sovereign_neural_mla.hpp", "C++", 0, 0, 0, 0, 0, 0, 0, 223, 0, 0, 0, 0, 0, 0, 0, 0, 0, 41, 52, 316
"/home/sachin-kumar/Desktop/coding/1/cpp/neural/sovereign_neural_moe.hpp", "C++", 0, 0, 0, 0, 0, 0, 0, 186, 0, 0, 0, 0, 0, 0, 0, 0, 0, 29, 40, 255
"/home/sachin-kumar/Desktop/coding/1/cpp/neural/sovereign_neural_phi.hpp", "C++", 0, 0, 0, 0, 0, 0, 0, 24, 0, 0, 0, 0, 0, 0, 0, 0, 0, 4, 8, 36
"/home/sachin-kumar/Desktop/coding/1/cpp/neural/sovereign_neural_prime.hpp", "C++", 0, 0, 0, 0, 0, 0, 0, 102, 0, 0, 0, 0, 0, 0, 0, 0, 0, 7, 22, 131
"/home/sachin-kumar/Desktop/coding/1/cpp/neural/sovereign_neural_tokenizer.hpp", "C++", 0, 0, 0, 0, 0, 0, 0, 168, 0, 0, 0, 0, 0, 0, 0, 0, 0, 18, 30, 216
"/home/sachin-kumar/Desktop/coding/1/cpp/neural/sovereign_neural_transformer.hpp", "C++", 0, 0, 0, 0, 0, 0, 0, 259, 0, 0, 0, 0, 0, 0, 0, 0, 0, 28, 53, 340
"/home/sachin-kumar/Desktop/coding/1/cpp/scripts/build.sh", "Shell Script", 0, 0, 0, 33, 0, 0, 0, 0, 0, 0, 0, 0, 0, 0, 0, 0, 0, 8, 7, 48
"/home/sachin-kumar/Desktop/coding/1/cpp/src/inference_queue.cpp", "C++", 0, 0, 0, 0, 0, 0, 0, 43, 0, 0, 0, 0, 0, 0, 0, 0, 0, 4, 11, 58
"/home/sachin-kumar/Desktop/coding/1/cpp/src/inference_queue.hpp", "C++", 0, 0, 0, 0, 0, 0, 0, 64, 0, 0, 0, 0, 0, 0, 0, 0, 0, 0, 19, 83
"/home/sachin-kumar/Desktop/coding/1/cpp/tests/test_queue.cpp", "C++", 0, 0, 0, 0, 0, 0, 0, 48, 0, 0, 0, 0, 0, 0, 0, 0, 0, 0, 9, 57
"/home/sachin-kumar/Desktop/coding/1/deploy/Dockerfile", "Docker", 0, 0, 0, 0, 0, 0, 0, 0, 0, 0, 0, 0, 0, 0, 0, 26, 0, 16, 17, 59
"/home/sachin-kumar/Desktop/coding/1/deploy/grafana/provisioning/datasources/datasource.yml", "YAML", 0, 7, 0, 0, 0, 0, 0, 0, 0, 0, 0, 0, 0, 0, 0, 0, 0, 0, 2, 9
"/home/sachin-kumar/Desktop/coding/1/deploy/k8s/configmap.yaml", "YAML", 0, 9, 0, 0, 0, 0, 0, 0, 0, 0, 0, 0, 0, 0, 0, 0, 0, 0, 1, 10
"/home/sachin-kumar/Desktop/coding/1/deploy/k8s/deployment.yaml", "YAML", 0, 66, 0, 0, 0, 0, 0, 0, 0, 0, 0, 0, 0, 0, 0, 0, 0, 0, 1, 67
"/home/sachin-kumar/Desktop/coding/1/deploy/k8s/hpa.yaml", "YAML", 0, 19, 0, 0, 0, 0, 0, 0, 0, 0, 0, 0, 0, 0, 0, 0, 0, 0, 1, 20
"/home/sachin-kumar/Desktop/coding/1/deploy/k8s/pvc.yaml", "YAML", 0, 11, 0, 0, 0, 0, 0, 0, 0, 0, 0, 0, 0, 0, 0, 0, 0, 0, 1, 12
"/home/sachin-kumar/Desktop/coding/1/deploy/k8s/service.yaml", "YAML", 0, 13, 0, 0, 0, 0, 0, 0, 0, 0, 0, 0, 0, 0, 0, 0, 0, 0, 1, 14
"/home/sachin-kumar/Desktop/coding/1/deploy/prometheus.yml", "YAML", 0, 8, 0, 0, 0, 0, 0, 0, 0, 0, 0, 0, 0, 0, 0, 0, 0, 0, 2, 10
"/home/sachin-kumar/Desktop/coding/1/docker-compose.override.yml", "YAML", 0, 12, 0, 0, 0, 0, 0, 0, 0, 0, 0, 0, 0, 0, 0, 0, 0, 0, 1, 13
"/home/sachin-kumar/Desktop/coding/1/docker-compose.yml", "YAML", 0, 60, 0, 0, 0, 0, 0, 0, 0, 0, 0, 0, 0, 0, 0, 0, 0, 0, 6, 66
"/home/sachin-kumar/Desktop/coding/1/docs/README.md", "Markdown", 7, 0, 0, 0, 0, 0, 0, 0, 0, 0, 0, 0, 0, 0, 0, 0, 0, 0, 3, 10
"/home/sachin-kumar/Desktop/coding/1/go.mod", "Go Module File", 0, 0, 0, 0, 97, 0, 0, 0, 0, 0, 0, 0, 0, 0, 0, 0, 0, 0, 0, 97
"/home/sachin-kumar/Desktop/coding/1/go.sum", "Go Checksum File", 0, 0, 0, 0, 0, 0, 0, 0, 0, 0, 0, 0, 0, 0, 0, 0, -106, 0, -1, -107
"/home/sachin-kumar/Desktop/coding/1/index.html", "HTML", 0, 0, 0, 0, 0, 0, 0, 0, 0, 0, 0, 0, 0, -496, 0, 0, 0, 0, -63, -559
"/home/sachin-kumar/Desktop/coding/1/internal/api/finance_handlers.go", "Go", 0, 0, 290, 0, 0, 0, 0, 0, 0, 0, 0, 0, 0, 0, 0, 0, 0, 25, 62, 377
"/home/sachin-kumar/Desktop/coding/1/internal/api/handlers.go", "Go", 0, 0, 177, 0, 0, 0, 0, 0, 0, 0, 0, 0, 0, 0, 0, 0, 0, 12, 36, 225
"/home/sachin-kumar/Desktop/coding/1/internal/api/hub.go", "Go", 0, 0, 13, 0, 0, 0, 0, 0, 0, 0, 0, 0, 0, 0, 0, 0, 0, 2, 3, 18
"/home/sachin-kumar/Desktop/coding/1/internal/api/telemetry.go", "Go", 0, 0, 4, 0, 0, 0, 0, 0, 0, 0, 0, 0, 0, 0, 0, 0, 0, 0, 0, 4
"/home/sachin-kumar/Desktop/coding/1/internal/auditor/auditor.go", "Go", 0, 0, 18, 0, 0, 0, 0, 0, 0, 0, 0, 0, 0, 0, 0, 0, 0, 5, 6, 29
"/home/sachin-kumar/Desktop/coding/1/internal/auditor/auditor_test.go", "Go", 0, 0, 29, 0, 0, 0, 0, 0, 0, 0, 0, 0, 0, 0, 0, 0, 0, 0, 7, 36
"/home/sachin-kumar/Desktop/coding/1/internal/auditor/implementation.go", "Go", 0, 0, 43, 0, 0, 0, 0, 0, 0, 0, 0, 0, 0, 0, 0, 0, 0, 1, 9, 53
"/home/sachin-kumar/Desktop/coding/1/internal/bench_test.go", "Go", 0, 0, 35, 0, 0, 0, 0, 0, 0, 0, 0, 0, 0, 0, 0, 0, 0, 2, 10, 47
"/home/sachin-kumar/Desktop/coding/1/internal/core/core.go", "Go", 0, 0, 64, 0, 0, 0, 0, 0, 0, 0, 0, 0, 0, 0, 0, 0, 0, 6, 16, 86
"/home/sachin-kumar/Desktop/coding/1/internal/guard/guard.go", "Go", 0, 0, 19, 0, 0, 0, 0, 0, 0, 0, 0, 0, 0, 0, 0, 0, 0, 5, 7, 31
"/home/sachin-kumar/Desktop/coding/1/internal/guard/guard_test.go", "Go", 0, 0, 58, 0, 0, 0, 0, 0, 0, 0, 0, 0, 0, 0, 0, 0, 0, 0, 8, 66
"/home/sachin-kumar/Desktop/coding/1/internal/guard/implementation.go", "Go", 0, 0, 34, 0, 0, 0, 0, 0, 0, 0, 0, 0, 0, 0, 0, 0, 0, 1, 7, 42
"/home/sachin-kumar/Desktop/coding/1/internal/integration/integration_test.go", "Go", 0, 0, 38, 0, 0, 0, 0, 0, 0, 0, 0, 0, 0, 0, 0, 0, 0, 3, 10, 51
"/home/sachin-kumar/Desktop/coding/1/internal/mesh/gossip.go", "Go", 0, 0, 70, 0, 0, 0, 0, 0, 0, 0, 0, 0, 0, 0, 0, 0, 0, 7, 15, 92
"/home/sachin-kumar/Desktop/coding/1/internal/mesh/gossip.pb.go", "Go", 0, 0, 130, 0, 0, 0, 0, 0, 0, 0, 0, 0, 0, 0, 0, 0, 0, 8, 21, 159
"/home/sachin-kumar/Desktop/coding/1/internal/mesh/implementation.go", "Go", 0, 0, 71, 0, 0, 0, 0, 0, 0, 0, 0, 0, 0, 0, 0, 0, 0, 1, 11, 83
"/home/sachin-kumar/Desktop/coding/1/internal/mesh/mesh.go", "Go", 0, 0, 16, 0, 0, 0, 0, 0, 0, 0, 0, 0, 0, 0, 0, 0, 0, 6, 7, 29
"/home/sachin-kumar/Desktop/coding/1/internal/mesh/mesh_p2p_test.go", "Go", 0, 0, 29, 0, 0, 0, 0, 0, 0, 0, 0, 0, 0, 0, 0, 0, 0, 7, 11, 47
"/home/sachin-kumar/Desktop/coding/1/internal/mesh/mesh_test.go", "Go", 0, 0, 52, 0, 0, 0, 0, 0, 0, 0, 0, 0, 0, 0, 0, 0, 0, 0, 11, 63
"/home/sachin-kumar/Desktop/coding/1/internal/mesh/node.go", "Go", 0, 0, 54, 0, 0, 0, 0, 0, 0, 0, 0, 0, 0, 0, 0, 0, 0, 5, 12, 71
"/home/sachin-kumar/Desktop/coding/1/internal/mesh/peers.go", "Go", 0, 0, 43, 0, 0, 0, 0, 0, 0, 0, 0, 0, 0, 0, 0, 0, 0, 5, 11, 59
"/home/sachin-kumar/Desktop/coding/1/internal/mesh/verify.go", "Go", 0, 0, 43, 0, 0, 0, 0, 0, 0, 0, 0, 0, 0, 0, 0, 0, 0, 3, 11, 57
"/home/sachin-kumar/Desktop/coding/1/internal/models/models.go", "Go", 0, 0, 42, 0, 0, 0, 0, 0, 0, 0, 0, 0, 0, 0, 0, 0, 0, 6, 7, 55
"/home/sachin-kumar/Desktop/coding/1/internal/orchestrator/orchestrator.go", "Go", 0, 0, 213, 0, 0, 0, 0, 0, 0, 0, 0, 0, 0, 0, 0, 0, 0, 24, 36, 273
"/home/sachin-kumar/Desktop/coding/1/internal/orchestrator/orchestrator_test.go", "Go", 0, 0, 4, 0, 0, 0, 0, 0, 0, 0, 0, 0, 0, 0, 0, 0, 0, 0, 0, 4
"/home/sachin-kumar/Desktop/coding/1/internal/rag/embed.go", "Go", 0, 0, 70, 0, 0, 0, 0, 0, 0, 0, 0, 0, 0, 0, 0, 0, 0, 2, 14, 86
"/home/sachin-kumar/Desktop/coding/1/internal/rag/index.go", "Go", 0, 0, 76, 0, 0, 0, 0, 0, 0, 0, 0, 0, 0, 0, 0, 0, 0, 1, 15, 92
"/home/sachin-kumar/Desktop/coding/1/internal/rag/pipeline.go", "Go", 0, 0, 54, 0, 0, 0, 0, 0, 0, 0, 0, 0, 0, 0, 0, 0, 0, 3, 14, 71
"/home/sachin-kumar/Desktop/coding/1/internal/rag/rag_test.go", "Go", 0, 0, 30, 0, 0, 0, 0, 0, 0, 0, 0, 0, 0, 0, 0, 0, 0, 13, 10, 53
"/home/sachin-kumar/Desktop/coding/1/internal/rag/store.go", "Go", 0, 0, 95, 0, 0, 0, 0, 0, 0, 0, 0, 0, 0, 0, 0, 0, 0, 3, 18, 116
"/home/sachin-kumar/Desktop/coding/1/internal/reflex/implementation.go", "Go", 0, 0, 35, 0, 0, 0, 0, 0, 0, 0, 0, 0, 0, 0, 0, 0, 0, 1, 7, 43
"/home/sachin-kumar/Desktop/coding/1/internal/reflex/reflex.go", "Go", 0, 0, 15, 0, 0, 0, 0, 0, 0, 0, 0, 0, 0, 0, 0, 0, 0, 5, 6, 26
"/home/sachin-kumar/Desktop/coding/1/internal/storage/storage.go", "Go", 0, 0, 48, 0, 0, 0, 0, 0, 0, 0, 0, 0, 0, 0, 0, 0, 0, 5, 9, 62
"/home/sachin-kumar/Desktop/coding/1/internal/telemetry/client.go", "Go", 0, 0, 110, 0, 0, 0, 0, 0, 0, 0, 0, 0, 0, 0, 0, 0, 0, 6, 21, 137
"/home/sachin-kumar/Desktop/coding/1/internal/telemetry/hub.go", "Go", 0, 0, 62, 0, 0, 0, 0, 0, 0, 0, 0, 0, 0, 0, 0, 0, 0, 7, 14, 83
"/home/sachin-kumar/Desktop/coding/1/internal/telemetry/message.go", "Go", 0, 0, 31, 0, 0, 0, 0, 0, 0, 0, 0, 0, 0, 0, 0, 0, 0, 3, 7, 41
"/home/sachin-kumar/Desktop/coding/1/internal/telemetry/telemetry_test.go", "Go", 0, 0, 64, 0, 0, 0, 0, 0, 0, 0, 0, 0, 0, 0, 0, 0, 0, 5, 15, 84
"/home/sachin-kumar/Desktop/coding/1/internal/testutil/testutil.go", "Go", 0, 0, 56, 0, 0, 0, 0, 0, 0, 0, 0, 0, 0, 0, 0, 0, 0, 6, 12, 74
"/home/sachin-kumar/Desktop/coding/1/internal/titan/cpp/titan_engine.cpp", "C++", 0, 0, 0, 0, 0, 0, 0, -42, 0, 0, 0, 0, 0, 0, 0, 0, 0, -1, -13, -56
"/home/sachin-kumar/Desktop/coding/1/internal/titan/cpp/titan_engine.h", "C++", 0, 0, 0, 0, 0, 0, 0, -24, 0, 0, 0, 0, 0, 0, 0, 0, 0, -2, -10, -36
"/home/sachin-kumar/Desktop/coding/1/internal/titan/engine.go", "Go", 0, 0, 17, 0, 0, 0, 0, 0, 0, 0, 0, 0, 0, 0, 0, 0, 0, 5, 4, 26
"/home/sachin-kumar/Desktop/coding/1/internal/titan/neural_bridge.go", "Go", 0, 0, 196, 0, 0, 0, 0, 0, 0, 0, 0, 0, 0, 0, 0, 0, 0, 22, 46, 264
"/home/sachin-kumar/Desktop/coding/1/internal/titan/sovereign_ingest.go", "Go", 0, 0, 136, 0, 0, 0, 0, 0, 0, 0, 0, 0, 0, 0, 0, 0, 0, 9, 26, 171
"/home/sachin-kumar/Desktop/coding/1/internal/titan/titan.go", "Go", 0, 0, 11, 0, 0, 0, 0, 0, 0, 0, 0, 0, 0, 0, 0, 0, 0, 5, 7, 23
"/home/sachin-kumar/Desktop/coding/1/internal/titan/titan_test.go", "Go", 0, 0, 16, 0, 0, 0, 0, 0, 0, 0, 0, 0, 0, 0, 0, 0, 0, 2, 5, 23
"/home/sachin-kumar/Desktop/coding/1/login.css", "CSS", 0, 0, 0, 0, 0, 0, 0, 0, 0, 0, 0, 0, -125, 0, 0, 0, 0, 0, -18, -143
"/home/sachin-kumar/Desktop/coding/1/login.js", "JavaScript", 0, 0, 0, 0, 0, 0, 0, 0, 0, 0, 0, -95, 0, 0, 0, 0, 0, -3, -18, -116
"/home/sachin-kumar/Desktop/coding/1/math_solver/README.md", "Markdown", 47, 0, 0, 0, 0, 0, 0, 0, 0, 0, 0, 0, 0, 0, 0, 0, 0, 0, 10, 57
"/home/sachin-kumar/Desktop/coding/1/math_solver/classifier/__init__.py", "Python", 0, 0, 0, 0, 0, 0, 0, 0, 0, 0, 0, 0, 0, 0, 0, 0, 0, 1, 1, 2
"/home/sachin-kumar/Desktop/coding/1/math_solver/classifier/train.py", "Python", 0, 0, 0, 0, 0, 43, 0, 0, 0, 0, 0, 0, 0, 0, 0, 0, 0, 8, 14, 65
"/home/sachin-kumar/Desktop/coding/1/math_solver/core/__init__.py", "Python", 0, 0, 0, 0, 0, 0, 0, 0, 0, 0, 0, 0, 0, 0, 0, 0, 0, 1, 1, 2
"/home/sachin-kumar/Desktop/coding/1/math_solver/core/classifier.py", "Python", 0, 0, 0, 0, 0, 35, 0, 0, 0, 0, 0, 0, 0, 0, 0, 0, 0, 1, 6, 42
"/home/sachin-kumar/Desktop/coding/1/math_solver/core/geometry.py", "Python", 0, 0, 0, 0, 0, 60, 0, 0, 0, 0, 0, 0, 0, 0, 0, 0, 0, 3, 8, 71
"/home/sachin-kumar/Desktop/coding/1/math_solver/core/numeric.py", "Python", 0, 0, 0, 0, 0, 66, 0, 0, 0, 0, 0, 0, 0, 0, 0, 0, 0, 2, 6, 74
"/home/sachin-kumar/Desktop/coding/1/math_solver/core/orchestrator.py", "Python", 0, 0, 0, 0, 0, 61, 0, 0, 0, 0, 0, 0, 0, 0, 0, 0, 0, 10, 12, 83
"/home/sachin-kumar/Desktop/coding/1/math_solver/core/processor.py", "Python", 0, 0, 0, 0, 0, 68, 0, 0, 0, 0, 0, 0, 0, 0, 0, 0, 0, 7, 13, 88
"/home/sachin-kumar/Desktop/coding/1/math_solver/core/symbolic.py", "Python", 0, 0, 0, 0, 0, 117, 0, 0, 0, 0, 0, 0, 0, 0, 0, 0, 0, 1, 21, 139
"/home/sachin-kumar/Desktop/coding/1/math_solver/data/__init__.py", "Python", 0, 0, 0, 0, 0, 0, 0, 0, 0, 0, 0, 0, 0, 0, 0, 0, 0, 1, 1, 2
"/home/sachin-kumar/Desktop/coding/1/math_solver/data/download_datasets.py", "Python", 0, 0, 0, 0, 0, 56, 0, 0, 0, 0, 0, 0, 0, 0, 0, 0, 0, 6, 11, 73
"/home/sachin-kumar/Desktop/coding/1/math_solver/data/generate_training_data.py", "Python", 0, 0, 0, 0, 0, 10, 0, 0, 0, 0, 0, 0, 0, 0, 0, 0, 0, 1, 4, 15
"/home/sachin-kumar/Desktop/coding/1/math_solver/data/prepare_training_data.py", "Python", 0, 0, 0, 0, 0, 111, 0, 0, 0, 0, 0, 0, 0, 0, 0, 0, 0, 11, 26, 148
"/home/sachin-kumar/Desktop/coding/1/math_solver/data/synthetic_generator.py", "Python", 0, 0, 0, 0, 0, 38, 0, 0, 0, 0, 0, 0, 0, 0, 0, 0, 0, 2, 6, 46
"/home/sachin-kumar/Desktop/coding/1/math_solver/main.py", "Python", 0, 0, 0, 0, 0, 38, 0, 0, 0, 0, 0, 0, 0, 0, 0, 0, 0, 1, 9, 48
"/home/sachin-kumar/Desktop/coding/1/math_solver/requirements.txt", "pip requirements", 0, 0, 0, 0, 0, 0, 14, 0, 0, 0, 0, 0, 0, 0, 0, 0, 0, 0, 1, 15
"/home/sachin-kumar/Desktop/coding/1/math_solver/solve.py", "Python", 0, 0, 0, 0, 0, 28, 0, 0, 0, 0, 0, 0, 0, 0, 0, 0, 0, 0, 8, 36
"/home/sachin-kumar/Desktop/coding/1/math_solver/tests/test_data.py", "Python", 0, 0, 0, 0, 0, 19, 0, 0, 0, 0, 0, 0, 0, 0, 0, 0, 0, 3, 4, 26
"/home/sachin-kumar/Desktop/coding/1/math_solver/tests/test_solvers.py", "Python", 0, 0, 0, 0, 0, 22, 0, 0, 0, 0, 0, 0, 0, 0, 0, 0, 0, 1, 5, 28
"/home/sachin-kumar/Desktop/coding/1/pkg/audit/auditor.go", "Go", 0, 0, 54, 0, 0, 0, 0, 0, 0, 0, 0, 0, 0, 0, 0, 0, 0, 7, 14, 75
"/home/sachin-kumar/Desktop/coding/1/pkg/audit/auditor_test.go", "Go", 0, 0, 36, 0, 0, 0, 0, 0, 0, 0, 0, 0, 0, 0, 0, 0, 0, 4, 12, 52
"/home/sachin-kumar/Desktop/coding/1/pkg/cli/shell.go", "Go", 0, 0, 59, 0, 0, 0, 0, 0, 0, 0, 0, 0, 0, 0, 0, 0, 0, 5, 14, 78
"/home/sachin-kumar/Desktop/coding/1/pkg/finance/backtester.go", "Go", 0, 0, 268, 0, 0, 0, 0, 0, 0, 0, 0, 0, 0, 0, 0, 0, 0, 37, 61, 366
"/home/sachin-kumar/Desktop/coding/1/pkg/finance/brokerage/broker.go", "Go", 0, 0, 40, 0, 0, 0, 0, 0, 0, 0, 0, 0, 0, 0, 0, 0, 0, 10, 13, 63
"/home/sachin-kumar/Desktop/coding/1/pkg/finance/brokerage/mock.go", "Go", 0, 0, 132, 0, 0, 0, 0, 0, 0, 0, 0, 0, 0, 0, 0, 0, 0, 7, 27, 166
"/home/sachin-kumar/Desktop/coding/1/pkg/finance/brokerage/zerodha.go", "Go", 0, 0, 43, 0, 0, 0, 0, 0, 0, 0, 0, 0, 0, 0, 0, 0, 0, 10, 17, 70
"/home/sachin-kumar/Desktop/coding/1/pkg/finance/correlation.go", "Go", 0, 0, 127, 0, 0, 0, 0, 0, 0, 0, 0, 0, 0, 0, 0, 0, 0, 20, 32, 179
"/home/sachin-kumar/Desktop/coding/1/pkg/finance/indicators.go", "Go", 0, 0, 298, 0, 0, 0, 0, 0, 0, 0, 0, 0, 0, 0, 0, 0, 0, 32, 52, 382
"/home/sachin-kumar/Desktop/coding/1/pkg/finance/models.go", "Go", 0, 0, 469, 0, 0, 0, 0, 0, 0, 0, 0, 0, 0, 0, 0, 0, 0, 84, 68, 621
"/home/sachin-kumar/Desktop/coding/1/pkg/finance/news/rss.go", "Go", 0, 0, 143, 0, 0, 0, 0, 0, 0, 0, 0, 0, 0, 0, 0, 0, 0, 15, 31, 189
"/home/sachin-kumar/Desktop/coding/1/pkg/finance/patterns.go", "Go", 0, 0, 158, 0, 0, 0, 0, 0, 0, 0, 0, 0, 0, 0, 0, 0, 0, 18, 29, 205
"/home/sachin-kumar/Desktop/coding/1/pkg/finance/portfolio.go", "Go", 0, 0, 206, 0, 0, 0, 0, 0, 0, 0, 0, 0, 0, 0, 0, 0, 0, 27, 27, 260
"/home/sachin-kumar/Desktop/coding/1/pkg/finance/predictions.go", "Go", 0, 0, 171, 0, 0, 0, 0, 0, 0, 0, 0, 0, 0, 0, 0, 0, 0, 21, 37, 229
"/home/sachin-kumar/Desktop/coding/1/pkg/finance/scanner.go", "Go", 0, 0, 225, 0, 0, 0, 0, 0, 0, 0, 0, 0, 0, 0, 0, 0, 0, 25, 38, 288
"/home/sachin-kumar/Desktop/coding/1/pkg/finance/sentiment_fundamentals.go", "Go", 0, 0, 59, 0, 0, 0, 0, 0, 0, 0, 0, 0, 0, 0, 0, 0, 0, 4, 16, 79
"/home/sachin-kumar/Desktop/coding/1/pkg/finance/signals.go", "Go", 0, 0, 207, 0, 0, 0, 0, 0, 0, 0, 0, 0, 0, 0, 0, 0, 0, 19, 26, 252
"/home/sachin-kumar/Desktop/coding/1/pkg/finance/statistics.go", "Go", 0, 0, 156, 0, 0, 0, 0, 0, 0, 0, 0, 0, 0, 0, 0, 0, 0, 17, 40, 213
"/home/sachin-kumar/Desktop/coding/1/pkg/finance/trader/engine.go", "Go", 0, 0, 178, 0, 0, 0, 0, 0, 0, 0, 0, 0, 0, 0, 0, 0, 0, 21, 41, 240
"/home/sachin-kumar/Desktop/coding/1/pkg/finance/volatility.go", "Go", 0, 0, 157, 0, 0, 0, 0, 0, 0, 0, 0, 0, 0, 0, 0, 0, 0, 33, 39, 229
"/home/sachin-kumar/Desktop/coding/1/pkg/fleet/scheduler.go", "Go", 0, 0, 44, 0, 0, 0, 0, 0, 0, 0, 0, 0, 0, 0, 0, 0, 0, 7, 11, 62
"/home/sachin-kumar/Desktop/coding/1/pkg/fleet/scheduler_test.go", "Go", 0, 0, 19, 0, 0, 0, 0, 0, 0, 0, 0, 0, 0, 0, 0, 0, 0, 3, 9, 31
"/home/sachin-kumar/Desktop/coding/1/pkg/math_core/client.go", "Go", 0, 0, 52, 0, 0, 0, 0, 0, 0, 0, 0, 0, 0, 0, 0, 0, 0, 0, 11, 63
"/home/sachin-kumar/Desktop/coding/1/pkg/p2p/gossip.go", "Go", 0, 0, 46, 0, 0, 0, 0, 0, 0, 0, 0, 0, 0, 0, 0, 0, 0, 6, 9, 61
"/home/sachin-kumar/Desktop/coding/1/pkg/persistence/manager.go", "Go", 0, 0, 66, 0, 0, 0, 0, 0, 0, 0, 0, 0, 0, 0, 0, 0, 0, 8, 14, 88
"/home/sachin-kumar/Desktop/coding/1/pkg/plugins/plugin.go", "Go", 0, 0, 60, 0, 0, 0, 0, 0, 0, 0, 0, 0, 0, 0, 0, 0, 0, 7, 15, 82
"/home/sachin-kumar/Desktop/coding/1/pkg/plugins/registry_test.go", "Go", 0, 0, 37, 0, 0, 0, 0, 0, 0, 0, 0, 0, 0, 0, 0, 0, 0, 3, 11, 51
"/home/sachin-kumar/Desktop/coding/1/pkg/reflex/reflex.go", "Go", 0, 0, 133, 0, 0, 0, 0, 0, 0, 0, 0, 0, 0, 0, 0, 0, 0, 13, 29, 175
"/home/sachin-kumar/Desktop/coding/1/pkg/reflex/reflex_test.go", "Go", 0, 0, 85, 0, 0, 0, 0, 0, 0, 0, 0, 0, 0, 0, 0, 0, 0, 0, 21, 106
"/home/sachin-kumar/Desktop/coding/1/pkg/retrieval/retrieval.go", "Go", 0, 0, 65, 0, 0, 0, 0, 0, 0, 0, 0, 0, 0, 0, 0, 0, 0, 8, 16, 89
"/home/sachin-kumar/Desktop/coding/1/pkg/retrieval/retrieval_test.go", "Go", 0, 0, 34, 0, 0, 0, 0, 0, 0, 0, 0, 0, 0, 0, 0, 0, 0, 1, 10, 45
"/home/sachin-kumar/Desktop/coding/1/pkg/sensory/audio.go", "Go", 0, 0, 42, 0, 0, 0, 0, 0, 0, 0, 0, 0, 0, 0, 0, 0, 0, 8, 12, 62
"/home/sachin-kumar/Desktop/coding/1/pkg/sensory/sensory_test.go", "Go", 0, 0, 37, 0, 0, 0, 0, 0, 0, 0, 0, 0, 0, 0, 0, 0, 0, 5, 11, 53
"/home/sachin-kumar/Desktop/coding/1/pkg/sensory/vision.go", "Go", 0, 0, 49, 0, 0, 0, 0, 0, 0, 0, 0, 0, 0, 0, 0, 0, 0, 8, 13, 70
"/home/sachin-kumar/Desktop/coding/1/pkg/sync/sync.go", "Go", 0, 0, 39, 0, 0, 0, 0, 0, 0, 0, 0, 0, 0, 0, 0, 0, 0, 12, 10, 61
"/home/sachin-kumar/Desktop/coding/1/pkg/vector/vector.go", "Go", 0, 0, 32, 0, 0, 0, 0, 0, 0, 0, 0, 0, 0, 0, 0, 0, 0, 4, 6, 42
"/home/sachin-kumar/Desktop/coding/1/script.js", "JavaScript", 0, 0, 0, 0, 0, 0, 0, 0, 0, 0, 0, -44, 0, 0, 0, 0, 0, -7, -9, -60
"/home/sachin-kumar/Desktop/coding/1/scripts/launch.sh", "Shell Script", 0, 0, 0, 19, 0, 0, 0, 0, 0, 0, 0, 0, 0, 0, 0, 0, 0, 9, 8, 36
"/home/sachin-kumar/Desktop/coding/1/scripts/simulate_fleet.sh", "Shell Script", 0, 0, 0, 41, 0, 0, 0, 0, 0, 0, 0, 0, 0, 0, 0, 0, 0, 12, 16, 69
"/home/sachin-kumar/Desktop/coding/1/settings.css", "CSS", 0, 0, 0, 0, 0, 0, 0, 0, 0, 0, 0, 0, -198, 0, 0, 0, 0, 0, -26, -224
"/home/sachin-kumar/Desktop/coding/1/settings.js", "JavaScript", 0, 0, 0, 0, 0, 0, 0, 0, 0, 0, 0, -173, 0, 0, 0, 0, 0, -7, -22, -202
"/home/sachin-kumar/Desktop/coding/1/style.css", "CSS", 0, 0, 0, 0, 0, 0, 0, 0, 0, 0, 0, 0, -255, 0, 0, 0, 0, 0, -38, -293
"/home/sachin-kumar/Desktop/coding/1/web/dist/admin/WindowManager.js", "JavaScript", 0, 0, 0, 0, 0, 0, 0, 0, 0, 0, 0, 100, 0, 0, 0, 0, 0, 2, 15, 117
"/home/sachin-kumar/Desktop/coding/1/web/dist/admin/desktop.css", "CSS", 0, 0, 0, 0, 0, 0, 0, 0, 0, 0, 0, 0, 141, 0, 0, 0, 0, 0, 20, 161
"/home/sachin-kumar/Desktop/coding/1/web/dist/admin/desktop.html", "HTML", 0, 0, 0, 0, 0, 0, 0, 0, 0, 0, 0, 0, 0, 247, 0, 0, 0, 0, 20, 267
"/home/sachin-kumar/Desktop/coding/1/web/dist/chat-simple.html", "HTML", 0, 0, 0, 0, 0, 0, 0, 0, 0, 0, 0, 0, 0, 359, 0, 0, 0, 0, 46, 405
"/home/sachin-kumar/Desktop/coding/1/web/dist/chat.html", "HTML", 0, 0, 0, 0, 0, 0, 0, 0, 0, 0, 0, 0, 0, 106, 0, 0, 0, 0, 10, 116
"/home/sachin-kumar/Desktop/coding/1/web/dist/css/chat.css", "CSS", 0, 0, 0, 0, 0, 0, 0, 0, 0, 0, 0, 0, 638, 0, 0, 0, 0, 0, 86, 724
"/home/sachin-kumar/Desktop/coding/1/web/dist/css/cursor.css", "CSS", 0, 0, 0, 0, 0, 0, 0, 0, 0, 0, 0, 0, 116, 0, 0, 0, 0, 0, 17, 133
"/home/sachin-kumar/Desktop/coding/1/web/dist/css/finance.css", "CSS", 0, 0, 0, 0, 0, 0, 0, 0, 0, 0, 0, 0, 283, 0, 0, 0, 0, 0, 49, 332
"/home/sachin-kumar/Desktop/coding/1/web/dist/css/login.css", "CSS", 0, 0, 0, 0, 0, 0, 0, 0, 0, 0, 0, 0, 126, 0, 0, 0, 0, 0, 18, 144
"/home/sachin-kumar/Desktop/coding/1/web/dist/css/settings.css", "CSS", 0, 0, 0, 0, 0, 0, 0, 0, 0, 0, 0, 0, 198, 0, 0, 0, 0, 0, 26, 224
"/home/sachin-kumar/Desktop/coding/1/web/dist/css/style.css", "CSS", 0, 0, 0, 0, 0, 0, 0, 0, 0, 0, 0, 0, 775, 0, 0, 0, 0, 0, 102, 877
"/home/sachin-kumar/Desktop/coding/1/web/dist/finance.html", "HTML", 0, 0, 0, 0, 0, 0, 0, 0, 0, 0, 0, 0, 0, 164, 0, 0, 0, 0, 24, 188
"/home/sachin-kumar/Desktop/coding/1/web/dist/index.html", "HTML", 0, 0, 0, 0, 0, 0, 0, 0, 0, 0, 0, 0, 0, 498, 0, 0, 0, 0, 39, 537
"/home/sachin-kumar/Desktop/coding/1/web/dist/js/chat-simple.js", "JavaScript", 0, 0, 0, 0, 0, 0, 0, 0, 0, 0, 0, 148, 0, 0, 0, 0, 0, 2, 26, 176
"/home/sachin-kumar/Desktop/coding/1/web/dist/js/chat.js", "JavaScript", 0, 0, 0, 0, 0, 0, 0, 0, 0, 0, 0, 565, 0, 0, 0, 0, 0, 43, 121, 729
"/home/sachin-kumar/Desktop/coding/1/web/dist/js/core/Cursor.js", "JavaScript", 0, 0, 0, 0, 0, 0, 0, 0, 0, 0, 0, 88, 0, 0, 0, 0, 0, 6, 20, 114
"/home/sachin-kumar/Desktop/coding/1/web/dist/js/core/Engine.js", "JavaScript", 0, 0, 0, 0, 0, 0, 0, 0, 0, 0, 0, 93, 0, 0, 0, 0, 0, 5, 26, 124
"/home/sachin-kumar/Desktop/coding/1/web/dist/js/core/Tower.js", "JavaScript", 0, 0, 0, 0, 0, 0, 0, 0, 0, 0, 0, 257, 0, 0, 0, 0, 0, 12, 36, 305
"/home/sachin-kumar/Desktop/coding/1/web/dist/js/finance.js", "JavaScript", 0, 0, 0, 0, 0, 0, 0, 0, 0, 0, 0, 368, 0, 0, 0, 0, 0, 30, 64, 462
"/home/sachin-kumar/Desktop/coding/1/web/dist/js/login.js", "JavaScript", 0, 0, 0, 0, 0, 0, 0, 0, 0, 0, 0, 98, 0, 0, 0, 0, 0, 4, 19, 121
"/home/sachin-kumar/Desktop/coding/1/web/dist/js/script.js", "JavaScript", 0, 0, 0, 0, 0, 0, 0, 0, 0, 0, 0, 44, 0, 0, 0, 0, 0, 7, 9, 60
"/home/sachin-kumar/Desktop/coding/1/web/dist/js/settings.js", "JavaScript", 0, 0, 0, 0, 0, 0, 0, 0, 0, 0, 0, 184, 0, 0, 0, 0, 0, 8, 24, 216
"/home/sachin-kumar/Desktop/coding/1/web/src/admin/WindowManager.js", "JavaScript", 0, 0, 0, 0, 0, 0, 0, 0, 0, 0, 0, 100, 0, 0, 0, 0, 0, 2, 15, 117
"/home/sachin-kumar/Desktop/coding/1/web/src/admin/desktop.css", "CSS", 0, 0, 0, 0, 0, 0, 0, 0, 0, 0, 0, 0, 141, 0, 0, 0, 0, 0, 20, 161
"/home/sachin-kumar/Desktop/coding/1/web/src/admin/desktop.html", "HTML", 0, 0, 0, 0, 0, 0, 0, 0, 0, 0, 0, 0, 0, 247, 0, 0, 0, 0, 20, 267
"/home/sachin-kumar/Desktop/coding/1/web/src/chat-simple.html", "HTML", 0, 0, 0, 0, 0, 0, 0, 0, 0, 0, 0, 0, 0, 359, 0, 0, 0, 0, 46, 405
"/home/sachin-kumar/Desktop/coding/1/web/src/chat.html", "HTML", 0, 0, 0, 0, 0, 0, 0, 0, 0, 0, 0, 0, 0, 106, 0, 0, 0, 0, 10, 116
"/home/sachin-kumar/Desktop/coding/1/web/src/css/chat.css", "CSS", 0, 0, 0, 0, 0, 0, 0, 0, 0, 0, 0, 0, 638, 0, 0, 0, 0, 0, 86, 724
"/home/sachin-kumar/Desktop/coding/1/web/src/css/cursor.css", "CSS", 0, 0, 0, 0, 0, 0, 0, 0, 0, 0, 0, 0, 116, 0, 0, 0, 0, 0, 17, 133
"/home/sachin-kumar/Desktop/coding/1/web/src/css/finance.css", "CSS", 0, 0, 0, 0, 0, 0, 0, 0, 0, 0, 0, 0, 283, 0, 0, 0, 0, 0, 49, 332
"/home/sachin-kumar/Desktop/coding/1/web/src/css/login.css", "CSS", 0, 0, 0, 0, 0, 0, 0, 0, 0, 0, 0, 0, 126, 0, 0, 0, 0, 0, 18, 144
"/home/sachin-kumar/Desktop/coding/1/web/src/css/settings.css", "CSS", 0, 0, 0, 0, 0, 0, 0, 0, 0, 0, 0, 0, 198, 0, 0, 0, 0, 0, 26, 224
"/home/sachin-kumar/Desktop/coding/1/web/src/css/style.css", "CSS", 0, 0, 0, 0, 0, 0, 0, 0, 0, 0, 0, 0, 775, 0, 0, 0, 0, 0, 102, 877
"/home/sachin-kumar/Desktop/coding/1/web/src/finance.html", "HTML", 0, 0, 0, 0, 0, 0, 0, 0, 0, 0, 0, 0, 0, 164, 0, 0, 0, 0, 24, 188
"/home/sachin-kumar/Desktop/coding/1/web/src/index.html", "HTML", 0, 0, 0, 0, 0, 0, 0, 0, 0, 0, 0, 0, 0, 498, 0, 0, 0, 0, 39, 537
"/home/sachin-kumar/Desktop/coding/1/web/src/js/chat-simple.js", "JavaScript", 0, 0, 0, 0, 0, 0, 0, 0, 0, 0, 0, 148, 0, 0, 0, 0, 0, 2, 26, 176
"/home/sachin-kumar/Desktop/coding/1/web/src/js/chat.js", "JavaScript", 0, 0, 0, 0, 0, 0, 0, 0, 0, 0, 0, 565, 0, 0, 0, 0, 0, 43, 121, 729
"/home/sachin-kumar/Desktop/coding/1/web/src/js/core/Cursor.js", "JavaScript", 0, 0, 0, 0, 0, 0, 0, 0, 0, 0, 0, 88, 0, 0, 0, 0, 0, 6, 20, 114
"/home/sachin-kumar/Desktop/coding/1/web/src/js/core/Engine.js", "JavaScript", 0, 0, 0, 0, 0, 0, 0, 0, 0, 0, 0, 93, 0, 0, 0, 0, 0, 5, 26, 124
"/home/sachin-kumar/Desktop/coding/1/web/src/js/core/Tower.js", "JavaScript", 0, 0, 0, 0, 0, 0, 0, 0, 0, 0, 0, 257, 0, 0, 0, 0, 0, 12, 36, 305
"/home/sachin-kumar/Desktop/coding/1/web/src/js/finance.js", "JavaScript", 0, 0, 0, 0, 0, 0, 0, 0, 0, 0, 0, 368, 0, 0, 0, 0, 0, 30, 64, 462
"/home/sachin-kumar/Desktop/coding/1/web/src/js/login.js", "JavaScript", 0, 0, 0, 0, 0, 0, 0, 0, 0, 0, 0, 98, 0, 0, 0, 0, 0, 4, 19, 121
"/home/sachin-kumar/Desktop/coding/1/web/src/js/script.js", "JavaScript", 0, 0, 0, 0, 0, 0, 0, 0, 0, 0, 0, 44, 0, 0, 0, 0, 0, 7, 9, 60
"/home/sachin-kumar/Desktop/coding/1/web/src/js/settings.js", "JavaScript", 0, 0, 0, 0, 0, 0, 0, 0, 0, 0, 0, 184, 0, 0, 0, 0, 0, 8, 24, 216
"Total", "-", 133, 562, 6737, 93, 97, 772, 14, 4874, 238, 209, 278, 3059, 3700, 1880, 2, 26, -106, 1535, 4207, 28310